-- phpMyAdmin SQL Dump
-- version 5.2.1
-- https://www.phpmyadmin.net/
--
-- Host: 127.0.0.1
-- Generation Time: Nov 28, 2024 at 01:18 PM
-- Server version: 10.4.28-MariaDB
-- PHP Version: 8.0.28

SET SQL_MODE = "NO_AUTO_VALUE_ON_ZERO";
START TRANSACTION;
SET time_zone = "+00:00";


/*!40101 SET @OLD_CHARACTER_SET_CLIENT=@@CHARACTER_SET_CLIENT */;
/*!40101 SET @OLD_CHARACTER_SET_RESULTS=@@CHARACTER_SET_RESULTS */;
/*!40101 SET @OLD_COLLATION_CONNECTION=@@COLLATION_CONNECTION */;
/*!40101 SET NAMES utf8mb4 */;

--
-- Database: `laravel_machinetest`
--

-- --------------------------------------------------------

--
-- Table structure for table `failed_jobs`
--

CREATE TABLE `failed_jobs` (
  `id` bigint(20) UNSIGNED NOT NULL,
  `uuid` varchar(255) NOT NULL,
  `connection` text NOT NULL,
  `queue` text NOT NULL,
  `payload` longtext NOT NULL,
  `exception` longtext NOT NULL,
  `failed_at` timestamp NOT NULL DEFAULT current_timestamp()
) ENGINE=InnoDB DEFAULT CHARSET=utf8mb4 COLLATE=utf8mb4_unicode_ci;

-- --------------------------------------------------------

--
-- Table structure for table `migrations`
--

CREATE TABLE `migrations` (
  `id` int(10) UNSIGNED NOT NULL,
  `migration` varchar(255) NOT NULL,
  `batch` int(11) NOT NULL
) ENGINE=InnoDB DEFAULT CHARSET=utf8mb4 COLLATE=utf8mb4_unicode_ci;

--
-- Dumping data for table `migrations`
--

INSERT INTO `migrations` (`id`, `migration`, `batch`) VALUES
(1, '2014_10_12_000000_create_users_table', 1),
(2, '2014_10_12_100000_create_password_resets_table', 1),
(3, '2019_08_19_000000_create_failed_jobs_table', 1),
(4, '2019_12_14_000001_create_personal_access_tokens_table', 1),
(5, '2024_11_28_091747_create_projects_table', 1);

-- --------------------------------------------------------

--
-- Table structure for table `password_resets`
--

CREATE TABLE `password_resets` (
  `email` varchar(255) NOT NULL,
  `token` varchar(255) NOT NULL,
  `created_at` timestamp NULL DEFAULT NULL
) ENGINE=InnoDB DEFAULT CHARSET=utf8mb4 COLLATE=utf8mb4_unicode_ci;

-- --------------------------------------------------------

--
-- Table structure for table `personal_access_tokens`
--

CREATE TABLE `personal_access_tokens` (
  `id` bigint(20) UNSIGNED NOT NULL,
  `tokenable_type` varchar(255) NOT NULL,
  `tokenable_id` bigint(20) UNSIGNED NOT NULL,
  `name` varchar(255) NOT NULL,
  `token` varchar(64) NOT NULL,
  `abilities` text DEFAULT NULL,
  `last_used_at` timestamp NULL DEFAULT NULL,
  `expires_at` timestamp NULL DEFAULT NULL,
  `created_at` timestamp NULL DEFAULT NULL,
  `updated_at` timestamp NULL DEFAULT NULL
) ENGINE=InnoDB DEFAULT CHARSET=utf8mb4 COLLATE=utf8mb4_unicode_ci;

-- --------------------------------------------------------

--
-- Table structure for table `projects`
--

CREATE TABLE `projects` (
  `id` bigint(20) UNSIGNED NOT NULL,
  `name` varchar(255) NOT NULL,
  `description` text NOT NULL,
  `user_id` bigint(20) UNSIGNED NOT NULL,
  `status` tinyint(1) NOT NULL DEFAULT 0,
  `created_at` timestamp NULL DEFAULT NULL,
  `updated_at` timestamp NULL DEFAULT NULL
) ENGINE=InnoDB DEFAULT CHARSET=utf8mb4 COLLATE=utf8mb4_unicode_ci;

--
-- Dumping data for table `projects`
--

INSERT INTO `projects` (`id`, `name`, `description`, `user_id`, `status`, `created_at`, `updated_at`) VALUES
(1, 'Project A12', 'Description for Project A', 4, 0, '2024-11-28 04:24:37', '2024-11-28 06:36:28'),
(2, 'Project B', 'Description for Project B', 8, 0, '2024-11-28 04:24:37', '2024-11-28 04:24:37'),
(3, 'Project C', 'Description for Project C', 8, 0, '2024-11-28 04:24:37', '2024-11-28 04:24:37'),
(4, 'Project D', 'Description for Project D', 1, 0, '2024-11-28 04:24:37', '2024-11-28 04:24:37'),
(5, 'Project E', 'Description for Project E', 8, 0, '2024-11-28 04:24:37', '2024-11-28 04:24:37'),
(6, 'Project F', 'Description for Project F', 4, 0, '2024-11-28 04:24:37', '2024-11-28 04:24:37'),
(7, 'Project G', 'Description for Project G', 2, 0, '2024-11-28 04:24:37', '2024-11-28 04:24:37'),
(8, 'Project H', 'Description for Project H', 8, 0, '2024-11-28 04:24:37', '2024-11-28 04:24:37'),
(9, 'Project I', 'Description for Project I', 6, 0, '2024-11-28 04:24:37', '2024-11-28 04:24:37'),
(10, 'Project J', 'Description for Project J', 8, 0, '2024-11-28 04:24:37', '2024-11-28 04:24:37'),
(11, 'Project K', 'Description for Project K', 1, 0, '2024-11-28 04:24:37', '2024-11-28 04:24:37'),
(12, 'Project L', 'Description for Project L', 4, 0, '2024-11-28 04:24:37', '2024-11-28 04:24:37'),
(13, 'Project M', 'Description for Project M', 1, 0, '2024-11-28 04:24:37', '2024-11-28 04:24:37'),
(14, 'Project N', 'Description for Project N', 1, 0, '2024-11-28 04:24:37', '2024-11-28 04:24:37'),
(15, 'Project O', 'Description for Project O', 2, 0, '2024-11-28 04:24:37', '2024-11-28 04:24:37'),
(16, 'Project P', 'Description for Project P', 4, 0, '2024-11-28 04:24:37', '2024-11-28 04:24:37'),
(17, 'Project Q', 'Description for Project Q', 3, 0, '2024-11-28 04:24:37', '2024-11-28 04:24:37'),
(18, 'Project R', 'Description for Project R', 3, 0, '2024-11-28 04:24:37', '2024-11-28 04:24:37'),
(19, 'Project S', 'Description for Project S', 6, 0, '2024-11-28 04:24:37', '2024-11-28 04:24:37'),
(20, 'Project T', 'Description for Project T', 2, 0, '2024-11-28 04:24:37', '2024-11-28 04:24:37'),
(21, 'Project A', 'Description for Project A', 6, 0, '2024-11-28 04:24:38', '2024-11-28 04:24:38'),
(22, 'Project B', 'Description for Project B', 9, 0, '2024-11-28 04:24:38', '2024-11-28 04:24:38'),
(23, 'Project C', 'Description for Project C', 4, 0, '2024-11-28 04:24:38', '2024-11-28 04:24:38'),
(24, 'Project D', 'Description for Project D', 8, 0, '2024-11-28 04:24:38', '2024-11-28 04:24:38'),
(25, 'Project E', 'Description for Project E', 10, 0, '2024-11-28 04:24:38', '2024-11-28 04:24:38'),
(26, 'Project F', 'Description for Project F', 10, 0, '2024-11-28 04:24:38', '2024-11-28 04:24:38'),
(27, 'Project G', 'Description for Project G', 9, 0, '2024-11-28 04:24:38', '2024-11-28 04:24:38'),
(28, 'Project H', 'Description for Project H', 3, 0, '2024-11-28 04:24:38', '2024-11-28 04:24:38'),
(29, 'Project I', 'Description for Project I', 7, 0, '2024-11-28 04:24:38', '2024-11-28 04:24:38'),
(30, 'Project J', 'Description for Project J', 7, 0, '2024-11-28 04:24:38', '2024-11-28 04:24:38'),
(31, 'Project K', 'Description for Project K', 2, 0, '2024-11-28 04:24:38', '2024-11-28 04:24:38'),
(32, 'Project L', 'Description for Project L', 5, 0, '2024-11-28 04:24:38', '2024-11-28 04:24:38'),
(33, 'Project M', 'Description for Project M', 1, 0, '2024-11-28 04:24:38', '2024-11-28 04:24:38'),
(34, 'Project N', 'Description for Project N', 6, 0, '2024-11-28 04:24:38', '2024-11-28 04:24:38'),
(35, 'Project O', 'Description for Project O', 6, 0, '2024-11-28 04:24:38', '2024-11-28 04:24:38'),
(36, 'Project P', 'Description for Project P', 6, 0, '2024-11-28 04:24:38', '2024-11-28 04:24:38'),
(37, 'Project Q', 'Description for Project Q', 1, 0, '2024-11-28 04:24:38', '2024-11-28 04:24:38'),
(38, 'Project R', 'Description for Project R', 7, 0, '2024-11-28 04:24:38', '2024-11-28 04:24:38'),
(39, 'Project S', 'Description for Project S', 7, 0, '2024-11-28 04:24:38', '2024-11-28 04:24:38'),
(40, 'Project T', 'Description for Project T', 4, 0, '2024-11-28 04:24:38', '2024-11-28 04:24:38'),
(41, 'Project A', 'Description for Project A', 5, 0, '2024-11-28 04:24:39', '2024-11-28 04:24:39'),
(42, 'Project B', 'Description for Project B', 5, 0, '2024-11-28 04:24:39', '2024-11-28 04:24:39'),
(43, 'Project C', 'Description for Project C', 3, 0, '2024-11-28 04:24:39', '2024-11-28 04:24:39'),
(44, 'Project D', 'Description for Project D', 1, 0, '2024-11-28 04:24:39', '2024-11-28 04:24:39'),
(45, 'Project E', 'Description for Project E', 6, 0, '2024-11-28 04:24:39', '2024-11-28 04:24:39'),
(46, 'Project F', 'Description for Project F', 6, 0, '2024-11-28 04:24:39', '2024-11-28 04:24:39'),
(47, 'Project G', 'Description for Project G', 4, 0, '2024-11-28 04:24:39', '2024-11-28 04:24:39'),
(48, 'Project H', 'Description for Project H', 10, 0, '2024-11-28 04:24:39', '2024-11-28 04:24:39'),
(49, 'Project I', 'Description for Project I', 4, 0, '2024-11-28 04:24:39', '2024-11-28 04:24:39'),
(50, 'Project J', 'Description for Project J', 5, 0, '2024-11-28 04:24:39', '2024-11-28 04:24:39'),
(51, 'Project K', 'Description for Project K', 10, 0, '2024-11-28 04:24:39', '2024-11-28 04:24:39'),
(52, 'Project L', 'Description for Project L', 2, 0, '2024-11-28 04:24:39', '2024-11-28 04:24:39'),
(53, 'Project M', 'Description for Project M', 4, 0, '2024-11-28 04:24:39', '2024-11-28 04:24:39'),
(54, 'Project N', 'Description for Project N', 5, 0, '2024-11-28 04:24:39', '2024-11-28 04:24:39'),
(55, 'Project O', 'Description for Project O', 10, 0, '2024-11-28 04:24:39', '2024-11-28 04:24:39'),
(56, 'Project P', 'Description for Project P', 5, 0, '2024-11-28 04:24:39', '2024-11-28 04:24:39'),
(57, 'Project Q', 'Description for Project Q', 7, 0, '2024-11-28 04:24:39', '2024-11-28 04:24:39'),
(58, 'Project R', 'Description for Project R', 5, 0, '2024-11-28 04:24:39', '2024-11-28 04:24:39'),
(59, 'Project S', 'Description for Project S', 1, 0, '2024-11-28 04:24:39', '2024-11-28 04:24:39'),
(60, 'Project T', 'Description for Project T', 10, 0, '2024-11-28 04:24:39', '2024-11-28 04:24:39'),
(61, 'Project A', 'Description for Project A', 5, 0, '2024-11-28 04:24:40', '2024-11-28 04:24:40'),
(62, 'Project B', 'Description for Project B', 1, 0, '2024-11-28 04:24:40', '2024-11-28 04:24:40'),
(63, 'Project C', 'Description for Project C', 4, 0, '2024-11-28 04:24:40', '2024-11-28 04:24:40'),
(64, 'Project D', 'Description for Project D', 2, 0, '2024-11-28 04:24:40', '2024-11-28 04:24:40'),
(65, 'Project E', 'Description for Project E', 5, 0, '2024-11-28 04:24:40', '2024-11-28 04:24:40'),
(66, 'Project F', 'Description for Project F', 1, 0, '2024-11-28 04:24:40', '2024-11-28 04:24:40'),
(67, 'Project G', 'Description for Project G', 8, 0, '2024-11-28 04:24:40', '2024-11-28 04:24:40'),
(68, 'Project H', 'Description for Project H', 7, 0, '2024-11-28 04:24:40', '2024-11-28 04:24:40'),
(69, 'Project I', 'Description for Project I', 1, 0, '2024-11-28 04:24:40', '2024-11-28 04:24:40'),
(70, 'Project J', 'Description for Project J', 4, 0, '2024-11-28 04:24:40', '2024-11-28 04:24:40'),
(71, 'Project K', 'Description for Project K', 7, 0, '2024-11-28 04:24:40', '2024-11-28 04:24:40'),
(72, 'Project L', 'Description for Project L', 1, 0, '2024-11-28 04:24:40', '2024-11-28 04:24:40'),
(73, 'Project M', 'Description for Project M', 8, 0, '2024-11-28 04:24:40', '2024-11-28 04:24:40'),
(74, 'Project N', 'Description for Project N', 9, 0, '2024-11-28 04:24:40', '2024-11-28 04:24:40'),
(75, 'Project O', 'Description for Project O', 2, 0, '2024-11-28 04:24:40', '2024-11-28 04:24:40'),
(76, 'Project P', 'Description for Project P', 1, 0, '2024-11-28 04:24:40', '2024-11-28 04:24:40'),
(77, 'Project Q', 'Description for Project Q', 9, 0, '2024-11-28 04:24:40', '2024-11-28 04:24:40'),
(78, 'Project R', 'Description for Project R', 3, 0, '2024-11-28 04:24:40', '2024-11-28 04:24:40'),
(79, 'Project S', 'Description for Project S', 7, 0, '2024-11-28 04:24:40', '2024-11-28 04:24:40'),
(80, 'Project T', 'Description for Project T', 1, 0, '2024-11-28 04:24:40', '2024-11-28 04:24:40'),
(81, 'Project A', 'Description for Project A', 9, 0, '2024-11-28 04:24:41', '2024-11-28 04:24:41'),
(82, 'Project B', 'Description for Project B', 6, 0, '2024-11-28 04:24:41', '2024-11-28 04:24:41'),
(83, 'Project C', 'Description for Project C', 10, 0, '2024-11-28 04:24:41', '2024-11-28 04:24:41'),
(84, 'Project D', 'Description for Project D', 3, 0, '2024-11-28 04:24:41', '2024-11-28 04:24:41'),
(85, 'Project E', 'Description for Project E', 4, 0, '2024-11-28 04:24:41', '2024-11-28 04:24:41'),
(86, 'Project F', 'Description for Project F', 5, 0, '2024-11-28 04:24:41', '2024-11-28 04:24:41'),
(87, 'Project G', 'Description for Project G', 6, 0, '2024-11-28 04:24:41', '2024-11-28 04:24:41'),
(88, 'Project H', 'Description for Project H', 6, 0, '2024-11-28 04:24:41', '2024-11-28 04:24:41'),
(89, 'Project I', 'Description for Project I', 10, 0, '2024-11-28 04:24:41', '2024-11-28 04:24:41'),
(90, 'Project J', 'Description for Project J', 5, 0, '2024-11-28 04:24:41', '2024-11-28 04:24:41'),
(91, 'Project K', 'Description for Project K', 6, 0, '2024-11-28 04:24:41', '2024-11-28 04:24:41'),
(92, 'Project L', 'Description for Project L', 5, 0, '2024-11-28 04:24:41', '2024-11-28 04:24:41'),
(93, 'Project M', 'Description for Project M', 7, 0, '2024-11-28 04:24:41', '2024-11-28 04:24:41'),
(94, 'Project N', 'Description for Project N', 6, 0, '2024-11-28 04:24:41', '2024-11-28 04:24:41'),
(95, 'Project O', 'Description for Project O', 10, 0, '2024-11-28 04:24:41', '2024-11-28 04:24:41'),
(96, 'Project P', 'Description for Project P', 1, 0, '2024-11-28 04:24:41', '2024-11-28 04:24:41'),
(97, 'Project Q', 'Description for Project Q', 7, 0, '2024-11-28 04:24:41', '2024-11-28 04:24:41'),
(98, 'Project R', 'Description for Project R', 9, 0, '2024-11-28 04:24:41', '2024-11-28 04:24:41'),
(99, 'Project S', 'Description for Project S', 6, 0, '2024-11-28 04:24:41', '2024-11-28 04:24:41'),
(100, 'Project T', 'Description for Project T', 5, 0, '2024-11-28 04:24:41', '2024-11-28 04:24:41'),
(101, 'Project A', 'Description for Project A', 6, 0, '2024-11-28 04:24:42', '2024-11-28 04:24:42'),
(102, 'Project B', 'Description for Project B', 2, 0, '2024-11-28 04:24:42', '2024-11-28 04:24:42'),
(103, 'Project C', 'Description for Project C', 1, 0, '2024-11-28 04:24:42', '2024-11-28 04:24:42'),
(104, 'Project D', 'Description for Project D', 2, 0, '2024-11-28 04:24:42', '2024-11-28 04:24:42'),
(105, 'Project E', 'Description for Project E', 2, 0, '2024-11-28 04:24:42', '2024-11-28 04:24:42'),
(106, 'Project F', 'Description for Project F', 8, 0, '2024-11-28 04:24:42', '2024-11-28 04:24:42'),
(107, 'Project G', 'Description for Project G', 9, 0, '2024-11-28 04:24:42', '2024-11-28 04:24:42'),
(108, 'Project H', 'Description for Project H', 3, 0, '2024-11-28 04:24:42', '2024-11-28 04:24:42'),
(109, 'Project I', 'Description for Project I', 10, 0, '2024-11-28 04:24:42', '2024-11-28 04:24:42'),
(110, 'Project J', 'Description for Project J', 9, 0, '2024-11-28 04:24:42', '2024-11-28 04:24:42'),
(111, 'Project K', 'Description for Project K', 3, 0, '2024-11-28 04:24:42', '2024-11-28 04:24:42'),
(112, 'Project L', 'Description for Project L', 4, 0, '2024-11-28 04:24:42', '2024-11-28 04:24:42'),
(113, 'Project M', 'Description for Project M', 1, 0, '2024-11-28 04:24:42', '2024-11-28 04:24:42'),
(114, 'Project N', 'Description for Project N', 3, 0, '2024-11-28 04:24:42', '2024-11-28 04:24:42'),
(115, 'Project O', 'Description for Project O', 5, 0, '2024-11-28 04:24:42', '2024-11-28 04:24:42'),
(116, 'Project P', 'Description for Project P', 6, 0, '2024-11-28 04:24:42', '2024-11-28 04:24:42'),
(117, 'Project Q', 'Description for Project Q', 10, 0, '2024-11-28 04:24:42', '2024-11-28 04:24:42'),
(119, 'Project S', 'Description for Project S', 1, 0, '2024-11-28 04:24:42', '2024-11-28 04:24:42'),
(120, 'Project T', 'Description for Project T', 6, 0, '2024-11-28 04:24:42', '2024-11-28 04:24:42'),
(121, 'Project A', 'Description for Project A', 6, 0, '2024-11-28 04:24:43', '2024-11-28 04:24:43'),
(122, 'Project B', 'Description for Project B', 10, 0, '2024-11-28 04:24:43', '2024-11-28 04:24:43'),
(123, 'Project C', 'Description for Project C', 9, 0, '2024-11-28 04:24:43', '2024-11-28 04:24:43'),
(124, 'Project D', 'Description for Project D', 3, 0, '2024-11-28 04:24:43', '2024-11-28 04:24:43'),
(125, 'Project E', 'Description for Project E', 5, 0, '2024-11-28 04:24:43', '2024-11-28 04:24:43'),
(126, 'Project F', 'Description for Project F', 7, 0, '2024-11-28 04:24:43', '2024-11-28 04:24:43'),
(127, 'Project G', 'Description for Project G', 4, 0, '2024-11-28 04:24:43', '2024-11-28 04:24:43'),
(128, 'Project H', 'Description for Project H', 1, 0, '2024-11-28 04:24:43', '2024-11-28 04:24:43'),
(129, 'Project I', 'Description for Project I', 1, 0, '2024-11-28 04:24:43', '2024-11-28 04:24:43'),
(131, 'Project K', 'Description for Project K', 2, 0, '2024-11-28 04:24:43', '2024-11-28 04:24:43'),
(132, 'Project L', 'Description for Project L', 2, 0, '2024-11-28 04:24:43', '2024-11-28 04:24:43'),
(133, 'Project M', 'Description for Project M', 9, 0, '2024-11-28 04:24:43', '2024-11-28 04:24:43'),
(134, 'Project N', 'Description for Project N', 3, 0, '2024-11-28 04:24:43', '2024-11-28 04:24:43'),
(135, 'Project O', 'Description for Project O', 1, 0, '2024-11-28 04:24:43', '2024-11-28 04:24:43'),
(136, 'Project P', 'Description for Project P', 3, 0, '2024-11-28 04:24:43', '2024-11-28 04:24:43'),
(137, 'Project Q', 'Description for Project Q', 1, 0, '2024-11-28 04:24:43', '2024-11-28 04:24:43'),
(138, 'Project R', 'Description for Project R', 3, 0, '2024-11-28 04:24:43', '2024-11-28 04:24:43'),
(139, 'Project S', 'Description for Project S', 10, 0, '2024-11-28 04:24:43', '2024-11-28 04:24:43'),
(140, 'Project T', 'Description for Project T', 8, 0, '2024-11-28 04:24:43', '2024-11-28 04:24:43'),
(141, 'Project A', 'Description for Project A', 2, 0, '2024-11-28 04:24:44', '2024-11-28 04:24:44'),
(142, 'Project B', 'Description for Project B', 1, 0, '2024-11-28 04:24:44', '2024-11-28 04:24:44'),
(143, 'Project C', 'Description for Project C', 1, 0, '2024-11-28 04:24:44', '2024-11-28 04:24:44'),
(144, 'Project D', 'Description for Project D', 10, 0, '2024-11-28 04:24:44', '2024-11-28 04:24:44'),
(145, 'Project E', 'Description for Project E', 9, 0, '2024-11-28 04:24:44', '2024-11-28 04:24:44'),
(146, 'Project F', 'Description for Project F', 2, 0, '2024-11-28 04:24:44', '2024-11-28 04:24:44'),
(147, 'Project G', 'Description for Project G', 6, 0, '2024-11-28 04:24:44', '2024-11-28 04:24:44'),
(148, 'Project H', 'Description for Project H', 1, 0, '2024-11-28 04:24:44', '2024-11-28 04:24:44'),
(149, 'Project I', 'Description for Project I', 5, 0, '2024-11-28 04:24:44', '2024-11-28 04:24:44'),
(150, 'Project J', 'Description for Project J', 4, 0, '2024-11-28 04:24:44', '2024-11-28 04:24:44'),
(151, 'Project K', 'Description for Project K', 7, 0, '2024-11-28 04:24:44', '2024-11-28 04:24:44'),
(152, 'Project L', 'Description for Project L', 5, 0, '2024-11-28 04:24:44', '2024-11-28 04:24:44'),
(153, 'Project M', 'Description for Project M', 5, 0, '2024-11-28 04:24:44', '2024-11-28 04:24:44'),
(154, 'Project N', 'Description for Project N', 9, 0, '2024-11-28 04:24:44', '2024-11-28 04:24:44'),
(155, 'Project O', 'Description for Project O', 9, 0, '2024-11-28 04:24:44', '2024-11-28 04:24:44'),
(156, 'Project P', 'Description for Project P', 2, 0, '2024-11-28 04:24:44', '2024-11-28 04:24:44'),
(157, 'Project Q', 'Description for Project Q', 10, 0, '2024-11-28 04:24:44', '2024-11-28 04:24:44'),
(158, 'Project R', 'Description for Project R', 1, 0, '2024-11-28 04:24:44', '2024-11-28 04:24:44'),
(159, 'Project S', 'Description for Project S', 10, 0, '2024-11-28 04:24:44', '2024-11-28 04:24:44'),
(160, 'Project T', 'Description for Project T', 2, 0, '2024-11-28 04:24:44', '2024-11-28 04:24:44'),
(161, 'Project A', 'Description for Project A', 2, 0, '2024-11-28 04:24:45', '2024-11-28 04:24:45'),
(162, 'Project B', 'Description for Project B', 10, 0, '2024-11-28 04:24:45', '2024-11-28 04:24:45'),
(163, 'Project C', 'Description for Project C', 9, 0, '2024-11-28 04:24:45', '2024-11-28 04:24:45'),
(164, 'Project D', 'Description for Project D', 5, 0, '2024-11-28 04:24:45', '2024-11-28 04:24:45'),
(165, 'Project E', 'Description for Project E', 10, 0, '2024-11-28 04:24:45', '2024-11-28 04:24:45'),
(166, 'Project F', 'Description for Project F', 10, 0, '2024-11-28 04:24:45', '2024-11-28 04:24:45'),
(167, 'Project G', 'Description for Project G', 1, 0, '2024-11-28 04:24:45', '2024-11-28 04:24:45'),
(168, 'Project H', 'Description for Project H', 2, 0, '2024-11-28 04:24:45', '2024-11-28 04:24:45'),
(169, 'Project I', 'Description for Project I', 7, 0, '2024-11-28 04:24:45', '2024-11-28 04:24:45'),
(170, 'Project J', 'Description for Project J', 3, 0, '2024-11-28 04:24:45', '2024-11-28 04:24:45'),
(171, 'Project K', 'Description for Project K', 4, 0, '2024-11-28 04:24:45', '2024-11-28 04:24:45'),
(172, 'Project L', 'Description for Project L', 4, 0, '2024-11-28 04:24:45', '2024-11-28 04:24:45'),
(173, 'Project M', 'Description for Project M', 1, 0, '2024-11-28 04:24:45', '2024-11-28 04:24:45'),
(174, 'Project N', 'Description for Project N', 6, 0, '2024-11-28 04:24:45', '2024-11-28 04:24:45'),
(175, 'Project O', 'Description for Project O', 5, 0, '2024-11-28 04:24:45', '2024-11-28 04:24:45'),
(176, 'Project P', 'Description for Project P', 5, 0, '2024-11-28 04:24:45', '2024-11-28 04:24:45'),
(177, 'Project Q', 'Description for Project Q', 2, 0, '2024-11-28 04:24:45', '2024-11-28 04:24:45'),
(178, 'Project R', 'Description for Project R', 6, 0, '2024-11-28 04:24:45', '2024-11-28 04:24:45'),
(179, 'Project S', 'Description for Project S', 10, 0, '2024-11-28 04:24:45', '2024-11-28 04:24:45'),
(180, 'Project T', 'Description for Project T', 5, 0, '2024-11-28 04:24:45', '2024-11-28 04:24:45'),
(181, 'Project A', 'Description for Project A', 8, 0, '2024-11-28 04:24:46', '2024-11-28 04:24:46'),
(182, 'Project B', 'Description for Project B', 8, 0, '2024-11-28 04:24:46', '2024-11-28 04:24:46'),
(183, 'Project C', 'Description for Project C', 9, 0, '2024-11-28 04:24:46', '2024-11-28 04:24:46'),
(184, 'Project D', 'Description for Project D', 6, 0, '2024-11-28 04:24:46', '2024-11-28 04:24:46'),
(185, 'Project E', 'Description for Project E', 6, 0, '2024-11-28 04:24:46', '2024-11-28 04:24:46'),
(186, 'Project F', 'Description for Project F', 6, 0, '2024-11-28 04:24:46', '2024-11-28 04:24:46'),
(187, 'Project G', 'Description for Project G', 6, 0, '2024-11-28 04:24:46', '2024-11-28 04:24:46'),
(188, 'Project H', 'Description for Project H', 10, 0, '2024-11-28 04:24:46', '2024-11-28 04:24:46'),
(189, 'Project I', 'Description for Project I', 2, 0, '2024-11-28 04:24:46', '2024-11-28 04:24:46'),
(190, 'Project J', 'Description for Project J', 1, 0, '2024-11-28 04:24:46', '2024-11-28 04:24:46'),
(191, 'Project K', 'Description for Project K', 7, 0, '2024-11-28 04:24:46', '2024-11-28 04:24:46'),
(192, 'Project L', 'Description for Project L', 2, 0, '2024-11-28 04:24:46', '2024-11-28 04:24:46'),
(193, 'Project M', 'Description for Project M', 4, 0, '2024-11-28 04:24:46', '2024-11-28 04:24:46'),
(194, 'Project N', 'Description for Project N', 3, 0, '2024-11-28 04:24:46', '2024-11-28 04:24:46'),
(195, 'Project O', 'Description for Project O', 8, 0, '2024-11-28 04:24:46', '2024-11-28 04:24:46'),
(196, 'Project P', 'Description for Project P', 9, 0, '2024-11-28 04:24:46', '2024-11-28 04:24:46'),
(197, 'Project Q', 'Description for Project Q', 9, 0, '2024-11-28 04:24:46', '2024-11-28 04:24:46'),
(198, 'Project R', 'Description for Project R', 9, 0, '2024-11-28 04:24:46', '2024-11-28 04:24:46'),
(199, 'Project S', 'Description for Project S', 8, 0, '2024-11-28 04:24:46', '2024-11-28 04:24:46'),
(200, 'Project T', 'Description for Project T', 5, 0, '2024-11-28 04:24:46', '2024-11-28 04:24:46'),
(201, 'Project A', 'Description for Project A', 8, 0, '2024-11-28 04:24:47', '2024-11-28 04:24:47'),
(202, 'Project B', 'Description for Project B', 9, 0, '2024-11-28 04:24:47', '2024-11-28 04:24:47'),
(203, 'Project C', 'Description for Project C', 9, 0, '2024-11-28 04:24:47', '2024-11-28 04:24:47'),
(204, 'Project D', 'Description for Project D', 8, 0, '2024-11-28 04:24:47', '2024-11-28 04:24:47'),
(205, 'Project E', 'Description for Project E', 10, 0, '2024-11-28 04:24:47', '2024-11-28 04:24:47'),
(206, 'Project F', 'Description for Project F', 7, 0, '2024-11-28 04:24:47', '2024-11-28 04:24:47'),
(207, 'Project G', 'Description for Project G', 3, 0, '2024-11-28 04:24:47', '2024-11-28 04:24:47'),
(208, 'Project H', 'Description for Project H', 6, 0, '2024-11-28 04:24:47', '2024-11-28 04:24:47'),
(209, 'Project I', 'Description for Project I', 5, 0, '2024-11-28 04:24:47', '2024-11-28 04:24:47'),
(210, 'Project J', 'Description for Project J', 10, 0, '2024-11-28 04:24:47', '2024-11-28 04:24:47'),
(211, 'Project K', 'Description for Project K', 7, 0, '2024-11-28 04:24:47', '2024-11-28 04:24:47'),
(212, 'Project L', 'Description for Project L', 10, 0, '2024-11-28 04:24:47', '2024-11-28 04:24:47'),
(213, 'Project M', 'Description for Project M', 6, 0, '2024-11-28 04:24:47', '2024-11-28 04:24:47'),
(214, 'Project N', 'Description for Project N', 8, 0, '2024-11-28 04:24:47', '2024-11-28 04:24:47'),
(215, 'Project O', 'Description for Project O', 2, 0, '2024-11-28 04:24:47', '2024-11-28 04:24:47'),
(216, 'Project P', 'Description for Project P', 6, 0, '2024-11-28 04:24:47', '2024-11-28 04:24:47'),
(217, 'Project Q', 'Description for Project Q', 2, 0, '2024-11-28 04:24:47', '2024-11-28 04:24:47'),
(218, 'Project R', 'Description for Project R', 3, 0, '2024-11-28 04:24:47', '2024-11-28 04:24:47'),
(219, 'Project S', 'Description for Project S', 9, 0, '2024-11-28 04:24:47', '2024-11-28 04:24:47'),
(220, 'Project T', 'Description for Project T', 4, 0, '2024-11-28 04:24:47', '2024-11-28 04:24:47'),
(221, 'ds', 'sdfs sdfsdf sfsf sdf sf sdfs fsd fsd fsf sfs fsd fs fs fsd fs fs fs fs fsf sfnsnflsnfs fsf sdfnsldnfsdf sfnsdlfnslnf skfnsdlfnsdnfsf sdfsfsdf', 1, 0, '2024-11-28 05:58:41', '2024-11-28 05:58:41'),
(222, 'Project A', 'Description for Project A', 5, 0, '2024-11-28 06:47:11', '2024-11-28 06:47:11'),
(223, 'Project B', 'Description for Project B', 3, 0, '2024-11-28 06:47:11', '2024-11-28 06:47:11'),
(224, 'Project C', 'Description for Project C', 7, 0, '2024-11-28 06:47:11', '2024-11-28 06:47:11'),
(225, 'Project D', 'Description for Project D', 4, 0, '2024-11-28 06:47:11', '2024-11-28 06:47:11'),
(226, 'Project E', 'Description for Project E', 4, 0, '2024-11-28 06:47:11', '2024-11-28 06:47:11'),
(227, 'Project F', 'Description for Project F', 7, 0, '2024-11-28 06:47:11', '2024-11-28 06:47:11'),
(228, 'Project G', 'Description for Project G', 1, 0, '2024-11-28 06:47:11', '2024-11-28 06:47:11'),
(229, 'Project H', 'Description for Project H', 3, 0, '2024-11-28 06:47:11', '2024-11-28 06:47:11'),
(230, 'Project I', 'Description for Project I', 10, 0, '2024-11-28 06:47:11', '2024-11-28 06:47:11'),
(231, 'Project J', 'Description for Project J', 10, 0, '2024-11-28 06:47:11', '2024-11-28 06:47:11'),
(232, 'Project K', 'Description for Project K', 7, 0, '2024-11-28 06:47:11', '2024-11-28 06:47:11'),
(233, 'Project L', 'Description for Project L', 10, 0, '2024-11-28 06:47:11', '2024-11-28 06:47:11'),
(234, 'Project M', 'Description for Project M', 4, 0, '2024-11-28 06:47:11', '2024-11-28 06:47:11'),
(235, 'Project N', 'Description for Project N', 7, 0, '2024-11-28 06:47:11', '2024-11-28 06:47:11'),
(236, 'Project O', 'Description for Project O', 2, 0, '2024-11-28 06:47:11', '2024-11-28 06:47:11'),
(237, 'Project P', 'Description for Project P', 6, 0, '2024-11-28 06:47:11', '2024-11-28 06:47:11'),
(238, 'Project Q', 'Description for Project Q', 8, 0, '2024-11-28 06:47:11', '2024-11-28 06:47:11'),
(239, 'Project R', 'Description for Project R', 6, 0, '2024-11-28 06:47:11', '2024-11-28 06:47:11'),
(240, 'Project S', 'Description for Project S', 8, 0, '2024-11-28 06:47:11', '2024-11-28 06:47:11'),
(241, 'Project T', 'Description for Project T', 5, 0, '2024-11-28 06:47:11', '2024-11-28 06:47:11'),
(242, 'Project A', 'Description for Project A', 8, 0, '2024-11-28 06:47:13', '2024-11-28 06:47:13'),
(243, 'Project B', 'Description for Project B', 5, 0, '2024-11-28 06:47:13', '2024-11-28 06:47:13'),
(244, 'Project C', 'Description for Project C', 2, 0, '2024-11-28 06:47:13', '2024-11-28 06:47:13'),
(245, 'Project D', 'Description for Project D', 6, 0, '2024-11-28 06:47:13', '2024-11-28 06:47:13'),
(246, 'Project E', 'Description for Project E', 10, 0, '2024-11-28 06:47:13', '2024-11-28 06:47:13'),
(247, 'Project F', 'Description for Project F', 5, 0, '2024-11-28 06:47:13', '2024-11-28 06:47:13'),
(248, 'Project G', 'Description for Project G', 2, 0, '2024-11-28 06:47:13', '2024-11-28 06:47:13'),
(249, 'Project H', 'Description for Project H', 6, 0, '2024-11-28 06:47:13', '2024-11-28 06:47:13'),
(250, 'Project I', 'Description for Project I', 6, 0, '2024-11-28 06:47:13', '2024-11-28 06:47:13'),
(251, 'Project J', 'Description for Project J', 8, 0, '2024-11-28 06:47:13', '2024-11-28 06:47:13'),
(252, 'Project K', 'Description for Project K', 2, 0, '2024-11-28 06:47:13', '2024-11-28 06:47:13'),
(253, 'Project L', 'Description for Project L', 6, 0, '2024-11-28 06:47:13', '2024-11-28 06:47:13'),
(254, 'Project M', 'Description for Project M', 4, 0, '2024-11-28 06:47:13', '2024-11-28 06:47:13'),
(255, 'Project N', 'Description for Project N', 7, 0, '2024-11-28 06:47:13', '2024-11-28 06:47:13'),
(256, 'Project O', 'Description for Project O', 7, 0, '2024-11-28 06:47:13', '2024-11-28 06:47:13'),
(257, 'Project P', 'Description for Project P', 7, 0, '2024-11-28 06:47:13', '2024-11-28 06:47:13'),
(258, 'Project Q', 'Description for Project Q', 10, 0, '2024-11-28 06:47:13', '2024-11-28 06:47:13'),
(259, 'Project R', 'Description for Project R', 2, 0, '2024-11-28 06:47:13', '2024-11-28 06:47:13'),
(260, 'Project S', 'Description for Project S', 5, 0, '2024-11-28 06:47:13', '2024-11-28 06:47:13'),
(261, 'Project T', 'Description for Project T', 7, 0, '2024-11-28 06:47:13', '2024-11-28 06:47:13'),
(262, 'Project A', 'Description for Project A', 7, 0, '2024-11-28 06:47:14', '2024-11-28 06:47:14'),
(263, 'Project B', 'Description for Project B', 3, 0, '2024-11-28 06:47:14', '2024-11-28 06:47:14'),
(264, 'Project C', 'Description for Project C', 9, 0, '2024-11-28 06:47:14', '2024-11-28 06:47:14'),
(265, 'Project D', 'Description for Project D', 7, 0, '2024-11-28 06:47:14', '2024-11-28 06:47:14'),
(266, 'Project E', 'Description for Project E', 4, 0, '2024-11-28 06:47:14', '2024-11-28 06:47:14'),
(267, 'Project F', 'Description for Project F', 4, 0, '2024-11-28 06:47:14', '2024-11-28 06:47:14'),
(268, 'Project G', 'Description for Project G', 9, 0, '2024-11-28 06:47:14', '2024-11-28 06:47:14'),
(269, 'Project H', 'Description for Project H', 8, 0, '2024-11-28 06:47:14', '2024-11-28 06:47:14'),
(270, 'Project I', 'Description for Project I', 5, 0, '2024-11-28 06:47:14', '2024-11-28 06:47:14'),
(271, 'Project J', 'Description for Project J', 4, 0, '2024-11-28 06:47:14', '2024-11-28 06:47:14'),
(272, 'Project K', 'Description for Project K', 10, 0, '2024-11-28 06:47:14', '2024-11-28 06:47:14'),
(273, 'Project L', 'Description for Project L', 3, 0, '2024-11-28 06:47:14', '2024-11-28 06:47:14'),
(274, 'Project M', 'Description for Project M', 10, 0, '2024-11-28 06:47:14', '2024-11-28 06:47:14'),
(275, 'Project N', 'Description for Project N', 10, 0, '2024-11-28 06:47:14', '2024-11-28 06:47:14'),
(276, 'Project O', 'Description for Project O', 6, 0, '2024-11-28 06:47:14', '2024-11-28 06:47:14'),
(277, 'Project P', 'Description for Project P', 8, 0, '2024-11-28 06:47:14', '2024-11-28 06:47:14'),
(278, 'Project Q', 'Description for Project Q', 1, 0, '2024-11-28 06:47:14', '2024-11-28 06:47:14'),
(279, 'Project R', 'Description for Project R', 2, 0, '2024-11-28 06:47:14', '2024-11-28 06:47:14'),
(280, 'Project S', 'Description for Project S', 7, 0, '2024-11-28 06:47:14', '2024-11-28 06:47:14'),
(281, 'Project T', 'Description for Project T', 5, 0, '2024-11-28 06:47:14', '2024-11-28 06:47:14'),
(282, 'Project A', 'Description for Project A', 10, 0, '2024-11-28 06:47:15', '2024-11-28 06:47:15'),
(283, 'Project B', 'Description for Project B', 7, 0, '2024-11-28 06:47:15', '2024-11-28 06:47:15'),
(284, 'Project C', 'Description for Project C', 1, 0, '2024-11-28 06:47:15', '2024-11-28 06:47:15'),
(285, 'Project D', 'Description for Project D', 2, 0, '2024-11-28 06:47:15', '2024-11-28 06:47:15'),
(286, 'Project E', 'Description for Project E', 2, 0, '2024-11-28 06:47:15', '2024-11-28 06:47:15'),
(287, 'Project F', 'Description for Project F', 10, 0, '2024-11-28 06:47:15', '2024-11-28 06:47:15'),
(288, 'Project G', 'Description for Project G', 9, 0, '2024-11-28 06:47:15', '2024-11-28 06:47:15'),
(289, 'Project H', 'Description for Project H', 7, 0, '2024-11-28 06:47:15', '2024-11-28 06:47:15'),
(290, 'Project I', 'Description for Project I', 5, 0, '2024-11-28 06:47:15', '2024-11-28 06:47:15'),
(291, 'Project J', 'Description for Project J', 2, 0, '2024-11-28 06:47:15', '2024-11-28 06:47:15'),
(292, 'Project K', 'Description for Project K', 8, 0, '2024-11-28 06:47:15', '2024-11-28 06:47:15'),
(293, 'Project L', 'Description for Project L', 1, 0, '2024-11-28 06:47:15', '2024-11-28 06:47:15'),
(294, 'Project M', 'Description for Project M', 3, 0, '2024-11-28 06:47:15', '2024-11-28 06:47:15'),
(295, 'Project N', 'Description for Project N', 2, 0, '2024-11-28 06:47:15', '2024-11-28 06:47:15'),
(296, 'Project O', 'Description for Project O', 10, 0, '2024-11-28 06:47:15', '2024-11-28 06:47:15'),
(297, 'Project P', 'Description for Project P', 10, 0, '2024-11-28 06:47:15', '2024-11-28 06:47:15'),
(298, 'Project Q', 'Description for Project Q', 10, 0, '2024-11-28 06:47:15', '2024-11-28 06:47:15'),
(299, 'Project R', 'Description for Project R', 6, 0, '2024-11-28 06:47:15', '2024-11-28 06:47:15'),
(300, 'Project S', 'Description for Project S', 9, 0, '2024-11-28 06:47:15', '2024-11-28 06:47:15'),
(301, 'Project T', 'Description for Project T', 7, 0, '2024-11-28 06:47:15', '2024-11-28 06:47:15'),
(302, 'Project A', 'Description for Project A', 4, 0, '2024-11-28 06:47:16', '2024-11-28 06:47:16'),
(303, 'Project B', 'Description for Project B', 5, 0, '2024-11-28 06:47:16', '2024-11-28 06:47:16'),
(304, 'Project C', 'Description for Project C', 3, 0, '2024-11-28 06:47:16', '2024-11-28 06:47:16'),
(305, 'Project D', 'Description for Project D', 3, 0, '2024-11-28 06:47:16', '2024-11-28 06:47:16'),
(306, 'Project E', 'Description for Project E', 5, 0, '2024-11-28 06:47:16', '2024-11-28 06:47:16'),
(307, 'Project F', 'Description for Project F', 5, 0, '2024-11-28 06:47:16', '2024-11-28 06:47:16'),
(308, 'Project G', 'Description for Project G', 5, 0, '2024-11-28 06:47:16', '2024-11-28 06:47:16'),
(309, 'Project H', 'Description for Project H', 3, 0, '2024-11-28 06:47:16', '2024-11-28 06:47:16'),
(310, 'Project I', 'Description for Project I', 7, 0, '2024-11-28 06:47:16', '2024-11-28 06:47:16'),
(311, 'Project J', 'Description for Project J', 2, 0, '2024-11-28 06:47:16', '2024-11-28 06:47:16'),
(312, 'Project K', 'Description for Project K', 4, 0, '2024-11-28 06:47:16', '2024-11-28 06:47:16'),
(313, 'Project L', 'Description for Project L', 7, 0, '2024-11-28 06:47:16', '2024-11-28 06:47:16'),
(314, 'Project M', 'Description for Project M', 10, 0, '2024-11-28 06:47:16', '2024-11-28 06:47:16'),
(315, 'Project N', 'Description for Project N', 2, 0, '2024-11-28 06:47:16', '2024-11-28 06:47:16'),
(316, 'Project O', 'Description for Project O', 10, 0, '2024-11-28 06:47:16', '2024-11-28 06:47:16'),
(317, 'Project P', 'Description for Project P', 1, 0, '2024-11-28 06:47:16', '2024-11-28 06:47:16'),
(318, 'Project Q', 'Description for Project Q', 6, 0, '2024-11-28 06:47:16', '2024-11-28 06:47:16'),
(319, 'Project R', 'Description for Project R', 2, 0, '2024-11-28 06:47:16', '2024-11-28 06:47:16'),
(320, 'Project S', 'Description for Project S', 8, 0, '2024-11-28 06:47:16', '2024-11-28 06:47:16'),
(321, 'Project T', 'Description for Project T', 6, 0, '2024-11-28 06:47:16', '2024-11-28 06:47:16'),
(322, 'Project A', 'Description for Project A', 9, 0, '2024-11-28 06:47:17', '2024-11-28 06:47:17'),
(323, 'Project B', 'Description for Project B', 7, 0, '2024-11-28 06:47:17', '2024-11-28 06:47:17'),
(324, 'Project C', 'Description for Project C', 7, 0, '2024-11-28 06:47:17', '2024-11-28 06:47:17'),
(325, 'Project D', 'Description for Project D', 5, 0, '2024-11-28 06:47:17', '2024-11-28 06:47:17'),
(326, 'Project E', 'Description for Project E', 6, 0, '2024-11-28 06:47:17', '2024-11-28 06:47:17'),
(327, 'Project F', 'Description for Project F', 6, 0, '2024-11-28 06:47:17', '2024-11-28 06:47:17'),
(328, 'Project G', 'Description for Project G', 5, 0, '2024-11-28 06:47:17', '2024-11-28 06:47:17'),
(329, 'Project H', 'Description for Project H', 1, 0, '2024-11-28 06:47:17', '2024-11-28 06:47:17'),
(330, 'Project I', 'Description for Project I', 1, 0, '2024-11-28 06:47:17', '2024-11-28 06:47:17'),
(331, 'Project J', 'Description for Project J', 10, 0, '2024-11-28 06:47:17', '2024-11-28 06:47:17'),
(332, 'Project K', 'Description for Project K', 4, 0, '2024-11-28 06:47:17', '2024-11-28 06:47:17'),
(333, 'Project L', 'Description for Project L', 5, 0, '2024-11-28 06:47:17', '2024-11-28 06:47:17'),
(334, 'Project M', 'Description for Project M', 5, 0, '2024-11-28 06:47:17', '2024-11-28 06:47:17'),
(335, 'Project N', 'Description for Project N', 3, 0, '2024-11-28 06:47:17', '2024-11-28 06:47:17'),
(336, 'Project O', 'Description for Project O', 7, 0, '2024-11-28 06:47:17', '2024-11-28 06:47:17'),
(337, 'Project P', 'Description for Project P', 5, 0, '2024-11-28 06:47:17', '2024-11-28 06:47:17'),
(338, 'Project Q', 'Description for Project Q', 8, 0, '2024-11-28 06:47:17', '2024-11-28 06:47:17'),
(339, 'Project R', 'Description for Project R', 9, 0, '2024-11-28 06:47:17', '2024-11-28 06:47:17'),
(340, 'Project S', 'Description for Project S', 9, 0, '2024-11-28 06:47:17', '2024-11-28 06:47:17'),
(341, 'Project T', 'Description for Project T', 9, 0, '2024-11-28 06:47:17', '2024-11-28 06:47:17'),
(342, 'Project A', 'Description for Project A', 10, 0, '2024-11-28 06:47:18', '2024-11-28 06:47:18'),
(343, 'Project B', 'Description for Project B', 2, 0, '2024-11-28 06:47:18', '2024-11-28 06:47:18'),
(344, 'Project C', 'Description for Project C', 7, 0, '2024-11-28 06:47:18', '2024-11-28 06:47:18'),
(345, 'Project D', 'Description for Project D', 8, 0, '2024-11-28 06:47:18', '2024-11-28 06:47:18'),
(346, 'Project E', 'Description for Project E', 9, 0, '2024-11-28 06:47:18', '2024-11-28 06:47:18'),
(347, 'Project F', 'Description for Project F', 10, 0, '2024-11-28 06:47:18', '2024-11-28 06:47:18'),
(348, 'Project G', 'Description for Project G', 6, 0, '2024-11-28 06:47:18', '2024-11-28 06:47:18'),
(349, 'Project H', 'Description for Project H', 7, 0, '2024-11-28 06:47:18', '2024-11-28 06:47:18'),
(350, 'Project I', 'Description for Project I', 2, 0, '2024-11-28 06:47:18', '2024-11-28 06:47:18'),
(351, 'Project J', 'Description for Project J', 1, 0, '2024-11-28 06:47:18', '2024-11-28 06:47:18'),
(352, 'Project K', 'Description for Project K', 4, 0, '2024-11-28 06:47:18', '2024-11-28 06:47:18'),
(353, 'Project L', 'Description for Project L', 3, 0, '2024-11-28 06:47:18', '2024-11-28 06:47:18'),
(354, 'Project M', 'Description for Project M', 9, 0, '2024-11-28 06:47:18', '2024-11-28 06:47:18'),
(355, 'Project N', 'Description for Project N', 6, 0, '2024-11-28 06:47:18', '2024-11-28 06:47:18'),
(356, 'Project O', 'Description for Project O', 9, 0, '2024-11-28 06:47:18', '2024-11-28 06:47:18'),
(357, 'Project P', 'Description for Project P', 1, 0, '2024-11-28 06:47:18', '2024-11-28 06:47:18'),
(358, 'Project Q', 'Description for Project Q', 2, 0, '2024-11-28 06:47:18', '2024-11-28 06:47:18'),
(359, 'Project R', 'Description for Project R', 3, 0, '2024-11-28 06:47:18', '2024-11-28 06:47:18'),
(360, 'Project S', 'Description for Project S', 4, 0, '2024-11-28 06:47:18', '2024-11-28 06:47:18'),
(361, 'Project T', 'Description for Project T', 8, 0, '2024-11-28 06:47:18', '2024-11-28 06:47:18'),
(362, 'Project A', 'Description for Project A', 9, 0, '2024-11-28 06:47:19', '2024-11-28 06:47:19'),
(363, 'Project B', 'Description for Project B', 1, 0, '2024-11-28 06:47:19', '2024-11-28 06:47:19'),
(364, 'Project C', 'Description for Project C', 4, 0, '2024-11-28 06:47:19', '2024-11-28 06:47:19'),
(365, 'Project D', 'Description for Project D', 9, 0, '2024-11-28 06:47:19', '2024-11-28 06:47:19'),
(366, 'Project E', 'Description for Project E', 10, 0, '2024-11-28 06:47:19', '2024-11-28 06:47:19'),
(367, 'Project F', 'Description for Project F', 7, 0, '2024-11-28 06:47:19', '2024-11-28 06:47:19'),
(368, 'Project G', 'Description for Project G', 1, 0, '2024-11-28 06:47:19', '2024-11-28 06:47:19'),
(369, 'Project H', 'Description for Project H', 10, 0, '2024-11-28 06:47:19', '2024-11-28 06:47:19'),
(370, 'Project I', 'Description for Project I', 7, 0, '2024-11-28 06:47:19', '2024-11-28 06:47:19'),
(371, 'Project J', 'Description for Project J', 6, 0, '2024-11-28 06:47:19', '2024-11-28 06:47:19'),
(372, 'Project K', 'Description for Project K', 7, 0, '2024-11-28 06:47:19', '2024-11-28 06:47:19'),
(373, 'Project L', 'Description for Project L', 9, 0, '2024-11-28 06:47:19', '2024-11-28 06:47:19'),
(374, 'Project M', 'Description for Project M', 8, 0, '2024-11-28 06:47:19', '2024-11-28 06:47:19'),
(375, 'Project N', 'Description for Project N', 4, 0, '2024-11-28 06:47:19', '2024-11-28 06:47:19'),
(376, 'Project O', 'Description for Project O', 6, 0, '2024-11-28 06:47:19', '2024-11-28 06:47:19'),
(377, 'Project P', 'Description for Project P', 5, 0, '2024-11-28 06:47:19', '2024-11-28 06:47:19'),
(378, 'Project Q', 'Description for Project Q', 6, 0, '2024-11-28 06:47:19', '2024-11-28 06:47:19'),
(379, 'Project R', 'Description for Project R', 10, 0, '2024-11-28 06:47:19', '2024-11-28 06:47:19'),
(380, 'Project S', 'Description for Project S', 3, 0, '2024-11-28 06:47:19', '2024-11-28 06:47:19'),
(381, 'Project T', 'Description for Project T', 7, 0, '2024-11-28 06:47:19', '2024-11-28 06:47:19'),
(382, 'Project A', 'Description for Project A', 7, 0, '2024-11-28 06:47:19', '2024-11-28 06:47:19'),
(383, 'Project B', 'Description for Project B', 1, 0, '2024-11-28 06:47:19', '2024-11-28 06:47:19'),
(384, 'Project C', 'Description for Project C', 2, 0, '2024-11-28 06:47:19', '2024-11-28 06:47:19'),
(385, 'Project D', 'Description for Project D', 2, 0, '2024-11-28 06:47:19', '2024-11-28 06:47:19'),
(386, 'Project E', 'Description for Project E', 2, 0, '2024-11-28 06:47:19', '2024-11-28 06:47:19'),
(387, 'Project F', 'Description for Project F', 6, 0, '2024-11-28 06:47:19', '2024-11-28 06:47:19'),
(388, 'Project G', 'Description for Project G', 1, 0, '2024-11-28 06:47:19', '2024-11-28 06:47:19'),
(389, 'Project H', 'Description for Project H', 10, 0, '2024-11-28 06:47:19', '2024-11-28 06:47:19'),
(390, 'Project I', 'Description for Project I', 5, 0, '2024-11-28 06:47:19', '2024-11-28 06:47:19'),
(391, 'Project J', 'Description for Project J', 3, 0, '2024-11-28 06:47:19', '2024-11-28 06:47:19'),
(392, 'Project K', 'Description for Project K', 1, 0, '2024-11-28 06:47:19', '2024-11-28 06:47:19'),
(393, 'Project L', 'Description for Project L', 8, 0, '2024-11-28 06:47:19', '2024-11-28 06:47:19'),
(394, 'Project M', 'Description for Project M', 1, 0, '2024-11-28 06:47:19', '2024-11-28 06:47:19'),
(395, 'Project N', 'Description for Project N', 1, 0, '2024-11-28 06:47:19', '2024-11-28 06:47:19'),
(396, 'Project O', 'Description for Project O', 9, 0, '2024-11-28 06:47:19', '2024-11-28 06:47:19'),
(397, 'Project P', 'Description for Project P', 2, 0, '2024-11-28 06:47:19', '2024-11-28 06:47:19'),
(398, 'Project Q', 'Description for Project Q', 7, 0, '2024-11-28 06:47:19', '2024-11-28 06:47:19'),
(399, 'Project R', 'Description for Project R', 4, 0, '2024-11-28 06:47:19', '2024-11-28 06:47:19'),
(400, 'Project S', 'Description for Project S', 4, 0, '2024-11-28 06:47:19', '2024-11-28 06:47:19'),
(401, 'Project T', 'Description for Project T', 1, 0, '2024-11-28 06:47:19', '2024-11-28 06:47:19'),
(402, 'Project A', 'Description for Project A', 1, 0, '2024-11-28 06:47:20', '2024-11-28 06:47:20'),
(403, 'Project B', 'Description for Project B', 3, 0, '2024-11-28 06:47:20', '2024-11-28 06:47:20'),
(404, 'Project C', 'Description for Project C', 9, 0, '2024-11-28 06:47:20', '2024-11-28 06:47:20'),
(405, 'Project D', 'Description for Project D', 8, 0, '2024-11-28 06:47:20', '2024-11-28 06:47:20'),
(406, 'Project E', 'Description for Project E', 9, 0, '2024-11-28 06:47:20', '2024-11-28 06:47:20'),
(407, 'Project F', 'Description for Project F', 4, 0, '2024-11-28 06:47:20', '2024-11-28 06:47:20'),
(408, 'Project G', 'Description for Project G', 4, 0, '2024-11-28 06:47:20', '2024-11-28 06:47:20'),
(409, 'Project H', 'Description for Project H', 2, 0, '2024-11-28 06:47:20', '2024-11-28 06:47:20'),
(410, 'Project I', 'Description for Project I', 7, 0, '2024-11-28 06:47:20', '2024-11-28 06:47:20'),
(411, 'Project J', 'Description for Project J', 3, 0, '2024-11-28 06:47:20', '2024-11-28 06:47:20'),
(412, 'Project K', 'Description for Project K', 5, 0, '2024-11-28 06:47:20', '2024-11-28 06:47:20'),
(413, 'Project L', 'Description for Project L', 6, 0, '2024-11-28 06:47:20', '2024-11-28 06:47:20'),
(414, 'Project M', 'Description for Project M', 2, 0, '2024-11-28 06:47:20', '2024-11-28 06:47:20'),
(415, 'Project N', 'Description for Project N', 1, 0, '2024-11-28 06:47:20', '2024-11-28 06:47:20'),
(416, 'Project O', 'Description for Project O', 3, 0, '2024-11-28 06:47:20', '2024-11-28 06:47:20'),
(417, 'Project P', 'Description for Project P', 9, 0, '2024-11-28 06:47:20', '2024-11-28 06:47:20'),
(418, 'Project Q', 'Description for Project Q', 6, 0, '2024-11-28 06:47:20', '2024-11-28 06:47:20'),
(419, 'Project R', 'Description for Project R', 3, 0, '2024-11-28 06:47:20', '2024-11-28 06:47:20'),
(420, 'Project S', 'Description for Project S', 9, 0, '2024-11-28 06:47:20', '2024-11-28 06:47:20'),
(421, 'Project T', 'Description for Project T', 9, 0, '2024-11-28 06:47:20', '2024-11-28 06:47:20'),
(422, 'Project A', 'Description for Project A', 10, 0, '2024-11-28 06:47:21', '2024-11-28 06:47:21'),
(423, 'Project B', 'Description for Project B', 8, 0, '2024-11-28 06:47:21', '2024-11-28 06:47:21'),
(424, 'Project C', 'Description for Project C', 6, 0, '2024-11-28 06:47:21', '2024-11-28 06:47:21'),
(425, 'Project D', 'Description for Project D', 9, 0, '2024-11-28 06:47:21', '2024-11-28 06:47:21'),
(426, 'Project E', 'Description for Project E', 7, 0, '2024-11-28 06:47:21', '2024-11-28 06:47:21'),
(427, 'Project F', 'Description for Project F', 9, 0, '2024-11-28 06:47:21', '2024-11-28 06:47:21'),
(428, 'Project G', 'Description for Project G', 9, 0, '2024-11-28 06:47:21', '2024-11-28 06:47:21'),
(429, 'Project H', 'Description for Project H', 3, 0, '2024-11-28 06:47:21', '2024-11-28 06:47:21'),
(430, 'Project I', 'Description for Project I', 2, 0, '2024-11-28 06:47:21', '2024-11-28 06:47:21'),
(431, 'Project J', 'Description for Project J', 6, 0, '2024-11-28 06:47:21', '2024-11-28 06:47:21'),
(432, 'Project K', 'Description for Project K', 7, 0, '2024-11-28 06:47:21', '2024-11-28 06:47:21'),
(433, 'Project L', 'Description for Project L', 4, 0, '2024-11-28 06:47:21', '2024-11-28 06:47:21'),
(434, 'Project M', 'Description for Project M', 2, 0, '2024-11-28 06:47:21', '2024-11-28 06:47:21'),
(435, 'Project N', 'Description for Project N', 2, 0, '2024-11-28 06:47:21', '2024-11-28 06:47:21'),
(436, 'Project O', 'Description for Project O', 6, 0, '2024-11-28 06:47:21', '2024-11-28 06:47:21'),
(437, 'Project P', 'Description for Project P', 9, 0, '2024-11-28 06:47:21', '2024-11-28 06:47:21'),
(438, 'Project Q', 'Description for Project Q', 3, 0, '2024-11-28 06:47:21', '2024-11-28 06:47:21'),
(439, 'Project R', 'Description for Project R', 4, 0, '2024-11-28 06:47:21', '2024-11-28 06:47:21'),
(440, 'Project S', 'Description for Project S', 4, 0, '2024-11-28 06:47:21', '2024-11-28 06:47:21'),
(441, 'Project T', 'Description for Project T', 3, 0, '2024-11-28 06:47:21', '2024-11-28 06:47:21'),
(442, 'Project A', 'Description for Project A', 6, 0, '2024-11-28 06:47:22', '2024-11-28 06:47:22'),
(443, 'Project B', 'Description for Project B', 5, 0, '2024-11-28 06:47:22', '2024-11-28 06:47:22'),
(444, 'Project C', 'Description for Project C', 8, 0, '2024-11-28 06:47:22', '2024-11-28 06:47:22'),
(445, 'Project D', 'Description for Project D', 7, 0, '2024-11-28 06:47:22', '2024-11-28 06:47:22'),
(446, 'Project E', 'Description for Project E', 10, 0, '2024-11-28 06:47:22', '2024-11-28 06:47:22'),
(447, 'Project F', 'Description for Project F', 4, 0, '2024-11-28 06:47:22', '2024-11-28 06:47:22'),
(448, 'Project G', 'Description for Project G', 8, 0, '2024-11-28 06:47:22', '2024-11-28 06:47:22'),
(449, 'Project H', 'Description for Project H', 9, 0, '2024-11-28 06:47:22', '2024-11-28 06:47:22'),
(450, 'Project I', 'Description for Project I', 8, 0, '2024-11-28 06:47:22', '2024-11-28 06:47:22'),
(451, 'Project J', 'Description for Project J', 3, 0, '2024-11-28 06:47:22', '2024-11-28 06:47:22'),
(452, 'Project K', 'Description for Project K', 6, 0, '2024-11-28 06:47:22', '2024-11-28 06:47:22'),
(453, 'Project L', 'Description for Project L', 4, 0, '2024-11-28 06:47:22', '2024-11-28 06:47:22'),
(454, 'Project M', 'Description for Project M', 10, 0, '2024-11-28 06:47:22', '2024-11-28 06:47:22'),
(455, 'Project N', 'Description for Project N', 1, 0, '2024-11-28 06:47:22', '2024-11-28 06:47:22'),
(456, 'Project O', 'Description for Project O', 4, 0, '2024-11-28 06:47:22', '2024-11-28 06:47:22'),
(457, 'Project P', 'Description for Project P', 3, 0, '2024-11-28 06:47:22', '2024-11-28 06:47:22'),
(458, 'Project Q', 'Description for Project Q', 8, 0, '2024-11-28 06:47:22', '2024-11-28 06:47:22'),
(459, 'Project R', 'Description for Project R', 1, 0, '2024-11-28 06:47:22', '2024-11-28 06:47:22'),
(460, 'Project S', 'Description for Project S', 8, 0, '2024-11-28 06:47:22', '2024-11-28 06:47:22'),
(461, 'Project T', 'Description for Project T', 7, 0, '2024-11-28 06:47:22', '2024-11-28 06:47:22'),
(462, 'Project A', 'Description for Project A', 6, 0, '2024-11-28 06:47:23', '2024-11-28 06:47:23'),
(463, 'Project B', 'Description for Project B', 2, 0, '2024-11-28 06:47:23', '2024-11-28 06:47:23'),
(464, 'Project C', 'Description for Project C', 6, 0, '2024-11-28 06:47:23', '2024-11-28 06:47:23'),
(465, 'Project D', 'Description for Project D', 1, 0, '2024-11-28 06:47:23', '2024-11-28 06:47:23'),
(466, 'Project E', 'Description for Project E', 8, 0, '2024-11-28 06:47:23', '2024-11-28 06:47:23'),
(467, 'Project F', 'Description for Project F', 4, 0, '2024-11-28 06:47:23', '2024-11-28 06:47:23'),
(468, 'Project G', 'Description for Project G', 5, 0, '2024-11-28 06:47:23', '2024-11-28 06:47:23'),
(469, 'Project H', 'Description for Project H', 2, 0, '2024-11-28 06:47:23', '2024-11-28 06:47:23'),
(470, 'Project I', 'Description for Project I', 5, 0, '2024-11-28 06:47:23', '2024-11-28 06:47:23'),
(471, 'Project J', 'Description for Project J', 4, 0, '2024-11-28 06:47:23', '2024-11-28 06:47:23'),
(472, 'Project K', 'Description for Project K', 5, 0, '2024-11-28 06:47:23', '2024-11-28 06:47:23'),
(473, 'Project L', 'Description for Project L', 5, 0, '2024-11-28 06:47:23', '2024-11-28 06:47:23'),
(474, 'Project M', 'Description for Project M', 3, 0, '2024-11-28 06:47:23', '2024-11-28 06:47:23'),
(475, 'Project N', 'Description for Project N', 5, 0, '2024-11-28 06:47:23', '2024-11-28 06:47:23'),
(476, 'Project O', 'Description for Project O', 9, 0, '2024-11-28 06:47:23', '2024-11-28 06:47:23'),
(477, 'Project P', 'Description for Project P', 7, 0, '2024-11-28 06:47:23', '2024-11-28 06:47:23'),
(478, 'Project Q', 'Description for Project Q', 9, 0, '2024-11-28 06:47:23', '2024-11-28 06:47:23'),
(479, 'Project R', 'Description for Project R', 9, 0, '2024-11-28 06:47:23', '2024-11-28 06:47:23'),
(480, 'Project S', 'Description for Project S', 5, 0, '2024-11-28 06:47:23', '2024-11-28 06:47:23'),
(481, 'Project T', 'Description for Project T', 9, 0, '2024-11-28 06:47:23', '2024-11-28 06:47:23'),
(482, 'Project A', 'Description for Project A', 3, 0, '2024-11-28 06:47:24', '2024-11-28 06:47:24'),
(483, 'Project B', 'Description for Project B', 2, 0, '2024-11-28 06:47:24', '2024-11-28 06:47:24'),
(484, 'Project C', 'Description for Project C', 5, 0, '2024-11-28 06:47:24', '2024-11-28 06:47:24'),
(485, 'Project D', 'Description for Project D', 9, 0, '2024-11-28 06:47:24', '2024-11-28 06:47:24'),
(486, 'Project E', 'Description for Project E', 9, 0, '2024-11-28 06:47:24', '2024-11-28 06:47:24'),
(487, 'Project F', 'Description for Project F', 3, 0, '2024-11-28 06:47:24', '2024-11-28 06:47:24'),
(488, 'Project G', 'Description for Project G', 2, 0, '2024-11-28 06:47:24', '2024-11-28 06:47:24'),
(489, 'Project H', 'Description for Project H', 4, 0, '2024-11-28 06:47:24', '2024-11-28 06:47:24'),
(490, 'Project I', 'Description for Project I', 1, 0, '2024-11-28 06:47:24', '2024-11-28 06:47:24'),
(491, 'Project J', 'Description for Project J', 6, 0, '2024-11-28 06:47:24', '2024-11-28 06:47:24'),
(492, 'Project K', 'Description for Project K', 8, 0, '2024-11-28 06:47:24', '2024-11-28 06:47:24'),
(493, 'Project L', 'Description for Project L', 7, 0, '2024-11-28 06:47:24', '2024-11-28 06:47:24'),
(494, 'Project M', 'Description for Project M', 5, 0, '2024-11-28 06:47:24', '2024-11-28 06:47:24'),
(495, 'Project N', 'Description for Project N', 3, 0, '2024-11-28 06:47:24', '2024-11-28 06:47:24'),
(496, 'Project O', 'Description for Project O', 3, 0, '2024-11-28 06:47:24', '2024-11-28 06:47:24'),
(497, 'Project P', 'Description for Project P', 3, 0, '2024-11-28 06:47:24', '2024-11-28 06:47:24'),
(498, 'Project Q', 'Description for Project Q', 6, 0, '2024-11-28 06:47:24', '2024-11-28 06:47:24'),
(499, 'Project R', 'Description for Project R', 9, 0, '2024-11-28 06:47:24', '2024-11-28 06:47:24'),
(500, 'Project S', 'Description for Project S', 3, 0, '2024-11-28 06:47:24', '2024-11-28 06:47:24'),
(501, 'Project T', 'Description for Project T', 7, 0, '2024-11-28 06:47:24', '2024-11-28 06:47:24'),
(502, 'Project A', 'Description for Project A', 6, 0, '2024-11-28 06:47:25', '2024-11-28 06:47:25'),
(503, 'Project B', 'Description for Project B', 8, 0, '2024-11-28 06:47:25', '2024-11-28 06:47:25'),
(504, 'Project C', 'Description for Project C', 8, 0, '2024-11-28 06:47:25', '2024-11-28 06:47:25'),
(505, 'Project D', 'Description for Project D', 9, 0, '2024-11-28 06:47:25', '2024-11-28 06:47:25');
INSERT INTO `projects` (`id`, `name`, `description`, `user_id`, `status`, `created_at`, `updated_at`) VALUES
(506, 'Project E', 'Description for Project E', 7, 0, '2024-11-28 06:47:25', '2024-11-28 06:47:25'),
(507, 'Project F', 'Description for Project F', 5, 0, '2024-11-28 06:47:25', '2024-11-28 06:47:25'),
(508, 'Project G', 'Description for Project G', 6, 0, '2024-11-28 06:47:25', '2024-11-28 06:47:25'),
(509, 'Project H', 'Description for Project H', 10, 0, '2024-11-28 06:47:25', '2024-11-28 06:47:25'),
(510, 'Project I', 'Description for Project I', 2, 0, '2024-11-28 06:47:25', '2024-11-28 06:47:25'),
(511, 'Project J', 'Description for Project J', 9, 0, '2024-11-28 06:47:25', '2024-11-28 06:47:25'),
(512, 'Project K', 'Description for Project K', 5, 0, '2024-11-28 06:47:25', '2024-11-28 06:47:25'),
(513, 'Project L', 'Description for Project L', 2, 0, '2024-11-28 06:47:25', '2024-11-28 06:47:25'),
(514, 'Project M', 'Description for Project M', 3, 0, '2024-11-28 06:47:25', '2024-11-28 06:47:25'),
(515, 'Project N', 'Description for Project N', 3, 0, '2024-11-28 06:47:25', '2024-11-28 06:47:25'),
(516, 'Project O', 'Description for Project O', 5, 0, '2024-11-28 06:47:25', '2024-11-28 06:47:25'),
(517, 'Project P', 'Description for Project P', 1, 0, '2024-11-28 06:47:25', '2024-11-28 06:47:25'),
(518, 'Project Q', 'Description for Project Q', 3, 0, '2024-11-28 06:47:25', '2024-11-28 06:47:25'),
(519, 'Project R', 'Description for Project R', 2, 0, '2024-11-28 06:47:25', '2024-11-28 06:47:25'),
(520, 'Project S', 'Description for Project S', 1, 0, '2024-11-28 06:47:25', '2024-11-28 06:47:25'),
(521, 'Project T', 'Description for Project T', 6, 0, '2024-11-28 06:47:25', '2024-11-28 06:47:25'),
(522, 'Project A', 'Description for Project A', 6, 0, '2024-11-28 06:47:25', '2024-11-28 06:47:25'),
(523, 'Project B', 'Description for Project B', 5, 0, '2024-11-28 06:47:25', '2024-11-28 06:47:25'),
(524, 'Project C', 'Description for Project C', 3, 0, '2024-11-28 06:47:25', '2024-11-28 06:47:25'),
(525, 'Project D', 'Description for Project D', 3, 0, '2024-11-28 06:47:25', '2024-11-28 06:47:25'),
(526, 'Project E', 'Description for Project E', 3, 0, '2024-11-28 06:47:25', '2024-11-28 06:47:25'),
(527, 'Project F', 'Description for Project F', 1, 0, '2024-11-28 06:47:25', '2024-11-28 06:47:25'),
(528, 'Project G', 'Description for Project G', 7, 0, '2024-11-28 06:47:25', '2024-11-28 06:47:25'),
(529, 'Project H', 'Description for Project H', 4, 0, '2024-11-28 06:47:25', '2024-11-28 06:47:25'),
(530, 'Project I', 'Description for Project I', 5, 0, '2024-11-28 06:47:25', '2024-11-28 06:47:25'),
(531, 'Project J', 'Description for Project J', 4, 0, '2024-11-28 06:47:25', '2024-11-28 06:47:25'),
(532, 'Project K', 'Description for Project K', 3, 0, '2024-11-28 06:47:25', '2024-11-28 06:47:25'),
(533, 'Project L', 'Description for Project L', 9, 0, '2024-11-28 06:47:25', '2024-11-28 06:47:25'),
(534, 'Project M', 'Description for Project M', 9, 0, '2024-11-28 06:47:25', '2024-11-28 06:47:25'),
(535, 'Project N', 'Description for Project N', 8, 0, '2024-11-28 06:47:25', '2024-11-28 06:47:25'),
(536, 'Project O', 'Description for Project O', 5, 0, '2024-11-28 06:47:25', '2024-11-28 06:47:25'),
(537, 'Project P', 'Description for Project P', 6, 0, '2024-11-28 06:47:25', '2024-11-28 06:47:25'),
(538, 'Project Q', 'Description for Project Q', 7, 0, '2024-11-28 06:47:25', '2024-11-28 06:47:25'),
(539, 'Project R', 'Description for Project R', 5, 0, '2024-11-28 06:47:25', '2024-11-28 06:47:25'),
(540, 'Project S', 'Description for Project S', 6, 0, '2024-11-28 06:47:25', '2024-11-28 06:47:25'),
(541, 'Project T', 'Description for Project T', 5, 0, '2024-11-28 06:47:25', '2024-11-28 06:47:25'),
(542, 'Project A', 'Description for Project A', 8, 0, '2024-11-28 06:47:26', '2024-11-28 06:47:26'),
(543, 'Project B', 'Description for Project B', 7, 0, '2024-11-28 06:47:26', '2024-11-28 06:47:26'),
(544, 'Project C', 'Description for Project C', 3, 0, '2024-11-28 06:47:26', '2024-11-28 06:47:26'),
(545, 'Project D', 'Description for Project D', 3, 0, '2024-11-28 06:47:26', '2024-11-28 06:47:26'),
(546, 'Project E', 'Description for Project E', 1, 0, '2024-11-28 06:47:26', '2024-11-28 06:47:26'),
(547, 'Project F', 'Description for Project F', 1, 0, '2024-11-28 06:47:26', '2024-11-28 06:47:26'),
(548, 'Project G', 'Description for Project G', 5, 0, '2024-11-28 06:47:26', '2024-11-28 06:47:26'),
(549, 'Project H', 'Description for Project H', 5, 0, '2024-11-28 06:47:26', '2024-11-28 06:47:26'),
(550, 'Project I', 'Description for Project I', 3, 0, '2024-11-28 06:47:26', '2024-11-28 06:47:26'),
(551, 'Project J', 'Description for Project J', 7, 0, '2024-11-28 06:47:26', '2024-11-28 06:47:26'),
(552, 'Project K', 'Description for Project K', 3, 0, '2024-11-28 06:47:26', '2024-11-28 06:47:26'),
(553, 'Project L', 'Description for Project L', 1, 0, '2024-11-28 06:47:26', '2024-11-28 06:47:26'),
(554, 'Project M', 'Description for Project M', 7, 0, '2024-11-28 06:47:26', '2024-11-28 06:47:26'),
(555, 'Project N', 'Description for Project N', 1, 0, '2024-11-28 06:47:26', '2024-11-28 06:47:26'),
(556, 'Project O', 'Description for Project O', 8, 0, '2024-11-28 06:47:26', '2024-11-28 06:47:26'),
(557, 'Project P', 'Description for Project P', 8, 0, '2024-11-28 06:47:26', '2024-11-28 06:47:26'),
(558, 'Project Q', 'Description for Project Q', 9, 0, '2024-11-28 06:47:26', '2024-11-28 06:47:26'),
(559, 'Project R', 'Description for Project R', 7, 0, '2024-11-28 06:47:26', '2024-11-28 06:47:26'),
(560, 'Project S', 'Description for Project S', 8, 0, '2024-11-28 06:47:26', '2024-11-28 06:47:26'),
(561, 'Project T', 'Description for Project T', 2, 0, '2024-11-28 06:47:26', '2024-11-28 06:47:26'),
(562, 'Project A', 'Description for Project A', 1, 0, '2024-11-28 06:47:27', '2024-11-28 06:47:27'),
(563, 'Project B', 'Description for Project B', 5, 0, '2024-11-28 06:47:27', '2024-11-28 06:47:27'),
(564, 'Project C', 'Description for Project C', 6, 0, '2024-11-28 06:47:27', '2024-11-28 06:47:27'),
(565, 'Project D', 'Description for Project D', 2, 0, '2024-11-28 06:47:27', '2024-11-28 06:47:27'),
(566, 'Project E', 'Description for Project E', 3, 0, '2024-11-28 06:47:27', '2024-11-28 06:47:27'),
(567, 'Project F', 'Description for Project F', 6, 0, '2024-11-28 06:47:27', '2024-11-28 06:47:27'),
(568, 'Project G', 'Description for Project G', 1, 0, '2024-11-28 06:47:27', '2024-11-28 06:47:27'),
(569, 'Project H', 'Description for Project H', 4, 0, '2024-11-28 06:47:27', '2024-11-28 06:47:27'),
(570, 'Project I', 'Description for Project I', 9, 0, '2024-11-28 06:47:27', '2024-11-28 06:47:27'),
(571, 'Project J', 'Description for Project J', 3, 0, '2024-11-28 06:47:27', '2024-11-28 06:47:27'),
(572, 'Project K', 'Description for Project K', 1, 0, '2024-11-28 06:47:27', '2024-11-28 06:47:27'),
(573, 'Project L', 'Description for Project L', 6, 0, '2024-11-28 06:47:27', '2024-11-28 06:47:27'),
(574, 'Project M', 'Description for Project M', 10, 0, '2024-11-28 06:47:27', '2024-11-28 06:47:27'),
(575, 'Project N', 'Description for Project N', 10, 0, '2024-11-28 06:47:27', '2024-11-28 06:47:27'),
(576, 'Project O', 'Description for Project O', 1, 0, '2024-11-28 06:47:27', '2024-11-28 06:47:27'),
(577, 'Project P', 'Description for Project P', 10, 0, '2024-11-28 06:47:27', '2024-11-28 06:47:27'),
(578, 'Project Q', 'Description for Project Q', 8, 0, '2024-11-28 06:47:27', '2024-11-28 06:47:27'),
(579, 'Project R', 'Description for Project R', 8, 0, '2024-11-28 06:47:27', '2024-11-28 06:47:27'),
(580, 'Project S', 'Description for Project S', 6, 0, '2024-11-28 06:47:27', '2024-11-28 06:47:27'),
(581, 'Project T', 'Description for Project T', 6, 0, '2024-11-28 06:47:27', '2024-11-28 06:47:27'),
(582, 'Project A', 'Description for Project A', 6, 0, '2024-11-28 06:47:28', '2024-11-28 06:47:28'),
(583, 'Project B', 'Description for Project B', 6, 0, '2024-11-28 06:47:28', '2024-11-28 06:47:28'),
(584, 'Project C', 'Description for Project C', 6, 0, '2024-11-28 06:47:28', '2024-11-28 06:47:28'),
(585, 'Project D', 'Description for Project D', 5, 0, '2024-11-28 06:47:28', '2024-11-28 06:47:28'),
(586, 'Project E', 'Description for Project E', 2, 0, '2024-11-28 06:47:28', '2024-11-28 06:47:28'),
(587, 'Project F', 'Description for Project F', 3, 0, '2024-11-28 06:47:28', '2024-11-28 06:47:28'),
(588, 'Project G', 'Description for Project G', 9, 0, '2024-11-28 06:47:28', '2024-11-28 06:47:28'),
(589, 'Project H', 'Description for Project H', 10, 0, '2024-11-28 06:47:28', '2024-11-28 06:47:28'),
(590, 'Project I', 'Description for Project I', 6, 0, '2024-11-28 06:47:28', '2024-11-28 06:47:28'),
(591, 'Project J', 'Description for Project J', 1, 0, '2024-11-28 06:47:28', '2024-11-28 06:47:28'),
(592, 'Project K', 'Description for Project K', 8, 0, '2024-11-28 06:47:28', '2024-11-28 06:47:28'),
(593, 'Project L', 'Description for Project L', 4, 0, '2024-11-28 06:47:28', '2024-11-28 06:47:28'),
(594, 'Project M', 'Description for Project M', 5, 0, '2024-11-28 06:47:28', '2024-11-28 06:47:28'),
(595, 'Project N', 'Description for Project N', 4, 0, '2024-11-28 06:47:28', '2024-11-28 06:47:28'),
(596, 'Project O', 'Description for Project O', 9, 0, '2024-11-28 06:47:28', '2024-11-28 06:47:28'),
(597, 'Project P', 'Description for Project P', 3, 0, '2024-11-28 06:47:28', '2024-11-28 06:47:28'),
(598, 'Project Q', 'Description for Project Q', 7, 0, '2024-11-28 06:47:28', '2024-11-28 06:47:28'),
(599, 'Project R', 'Description for Project R', 3, 0, '2024-11-28 06:47:28', '2024-11-28 06:47:28'),
(600, 'Project S', 'Description for Project S', 5, 0, '2024-11-28 06:47:28', '2024-11-28 06:47:28'),
(601, 'Project T', 'Description for Project T', 1, 0, '2024-11-28 06:47:28', '2024-11-28 06:47:28'),
(602, 'Project A', 'Description for Project A', 7, 0, '2024-11-28 06:47:29', '2024-11-28 06:47:29'),
(603, 'Project B', 'Description for Project B', 9, 0, '2024-11-28 06:47:29', '2024-11-28 06:47:29'),
(604, 'Project C', 'Description for Project C', 1, 0, '2024-11-28 06:47:29', '2024-11-28 06:47:29'),
(605, 'Project D', 'Description for Project D', 3, 0, '2024-11-28 06:47:29', '2024-11-28 06:47:29'),
(606, 'Project E', 'Description for Project E', 3, 0, '2024-11-28 06:47:29', '2024-11-28 06:47:29'),
(607, 'Project F', 'Description for Project F', 1, 0, '2024-11-28 06:47:29', '2024-11-28 06:47:29'),
(608, 'Project G', 'Description for Project G', 7, 0, '2024-11-28 06:47:29', '2024-11-28 06:47:29'),
(609, 'Project H', 'Description for Project H', 5, 0, '2024-11-28 06:47:29', '2024-11-28 06:47:29'),
(610, 'Project I', 'Description for Project I', 5, 0, '2024-11-28 06:47:29', '2024-11-28 06:47:29'),
(611, 'Project J', 'Description for Project J', 6, 0, '2024-11-28 06:47:29', '2024-11-28 06:47:29'),
(612, 'Project K', 'Description for Project K', 7, 0, '2024-11-28 06:47:29', '2024-11-28 06:47:29'),
(613, 'Project L', 'Description for Project L', 9, 0, '2024-11-28 06:47:29', '2024-11-28 06:47:29'),
(614, 'Project M', 'Description for Project M', 5, 0, '2024-11-28 06:47:29', '2024-11-28 06:47:29'),
(615, 'Project N', 'Description for Project N', 9, 0, '2024-11-28 06:47:29', '2024-11-28 06:47:29'),
(616, 'Project O', 'Description for Project O', 4, 0, '2024-11-28 06:47:29', '2024-11-28 06:47:29'),
(617, 'Project P', 'Description for Project P', 6, 0, '2024-11-28 06:47:29', '2024-11-28 06:47:29'),
(618, 'Project Q', 'Description for Project Q', 4, 0, '2024-11-28 06:47:29', '2024-11-28 06:47:29'),
(619, 'Project R', 'Description for Project R', 6, 0, '2024-11-28 06:47:29', '2024-11-28 06:47:29'),
(620, 'Project S', 'Description for Project S', 9, 0, '2024-11-28 06:47:29', '2024-11-28 06:47:29'),
(621, 'Project T', 'Description for Project T', 5, 0, '2024-11-28 06:47:29', '2024-11-28 06:47:29'),
(622, 'Project A', 'Description for Project A', 9, 0, '2024-11-28 06:47:30', '2024-11-28 06:47:30'),
(623, 'Project B', 'Description for Project B', 3, 0, '2024-11-28 06:47:30', '2024-11-28 06:47:30'),
(624, 'Project C', 'Description for Project C', 10, 0, '2024-11-28 06:47:30', '2024-11-28 06:47:30'),
(625, 'Project D', 'Description for Project D', 4, 0, '2024-11-28 06:47:30', '2024-11-28 06:47:30'),
(626, 'Project E', 'Description for Project E', 1, 0, '2024-11-28 06:47:30', '2024-11-28 06:47:30'),
(627, 'Project F', 'Description for Project F', 4, 0, '2024-11-28 06:47:30', '2024-11-28 06:47:30'),
(628, 'Project G', 'Description for Project G', 8, 0, '2024-11-28 06:47:30', '2024-11-28 06:47:30'),
(629, 'Project H', 'Description for Project H', 2, 0, '2024-11-28 06:47:30', '2024-11-28 06:47:30'),
(630, 'Project I', 'Description for Project I', 1, 0, '2024-11-28 06:47:30', '2024-11-28 06:47:30'),
(631, 'Project J', 'Description for Project J', 5, 0, '2024-11-28 06:47:30', '2024-11-28 06:47:30'),
(632, 'Project K', 'Description for Project K', 3, 0, '2024-11-28 06:47:30', '2024-11-28 06:47:30'),
(633, 'Project L', 'Description for Project L', 6, 0, '2024-11-28 06:47:30', '2024-11-28 06:47:30'),
(634, 'Project M', 'Description for Project M', 1, 0, '2024-11-28 06:47:30', '2024-11-28 06:47:30'),
(635, 'Project N', 'Description for Project N', 9, 0, '2024-11-28 06:47:30', '2024-11-28 06:47:30'),
(636, 'Project O', 'Description for Project O', 1, 0, '2024-11-28 06:47:30', '2024-11-28 06:47:30'),
(637, 'Project P', 'Description for Project P', 6, 0, '2024-11-28 06:47:30', '2024-11-28 06:47:30'),
(638, 'Project Q', 'Description for Project Q', 7, 0, '2024-11-28 06:47:30', '2024-11-28 06:47:30'),
(639, 'Project R', 'Description for Project R', 5, 0, '2024-11-28 06:47:30', '2024-11-28 06:47:30'),
(640, 'Project S', 'Description for Project S', 3, 0, '2024-11-28 06:47:30', '2024-11-28 06:47:30'),
(641, 'Project T', 'Description for Project T', 8, 0, '2024-11-28 06:47:30', '2024-11-28 06:47:30'),
(642, 'Project A', 'Description for Project A', 5, 0, '2024-11-28 06:47:31', '2024-11-28 06:47:31'),
(643, 'Project B', 'Description for Project B', 3, 0, '2024-11-28 06:47:31', '2024-11-28 06:47:31'),
(644, 'Project C', 'Description for Project C', 1, 0, '2024-11-28 06:47:31', '2024-11-28 06:47:31'),
(645, 'Project D', 'Description for Project D', 1, 0, '2024-11-28 06:47:31', '2024-11-28 06:47:31'),
(646, 'Project E', 'Description for Project E', 2, 0, '2024-11-28 06:47:31', '2024-11-28 06:47:31'),
(647, 'Project F', 'Description for Project F', 8, 0, '2024-11-28 06:47:31', '2024-11-28 06:47:31'),
(648, 'Project G', 'Description for Project G', 5, 0, '2024-11-28 06:47:31', '2024-11-28 06:47:31'),
(649, 'Project H', 'Description for Project H', 6, 0, '2024-11-28 06:47:31', '2024-11-28 06:47:31'),
(650, 'Project I', 'Description for Project I', 5, 0, '2024-11-28 06:47:31', '2024-11-28 06:47:31'),
(651, 'Project J', 'Description for Project J', 3, 0, '2024-11-28 06:47:31', '2024-11-28 06:47:31'),
(652, 'Project K', 'Description for Project K', 8, 0, '2024-11-28 06:47:31', '2024-11-28 06:47:31'),
(653, 'Project L', 'Description for Project L', 4, 0, '2024-11-28 06:47:31', '2024-11-28 06:47:31'),
(654, 'Project M', 'Description for Project M', 9, 0, '2024-11-28 06:47:31', '2024-11-28 06:47:31'),
(655, 'Project N', 'Description for Project N', 10, 0, '2024-11-28 06:47:31', '2024-11-28 06:47:31'),
(656, 'Project O', 'Description for Project O', 10, 0, '2024-11-28 06:47:31', '2024-11-28 06:47:31'),
(657, 'Project P', 'Description for Project P', 3, 0, '2024-11-28 06:47:31', '2024-11-28 06:47:31'),
(658, 'Project Q', 'Description for Project Q', 3, 0, '2024-11-28 06:47:31', '2024-11-28 06:47:31'),
(659, 'Project R', 'Description for Project R', 2, 0, '2024-11-28 06:47:31', '2024-11-28 06:47:31'),
(660, 'Project S', 'Description for Project S', 2, 0, '2024-11-28 06:47:31', '2024-11-28 06:47:31'),
(661, 'Project T', 'Description for Project T', 7, 0, '2024-11-28 06:47:31', '2024-11-28 06:47:31'),
(662, 'Project A', 'Description for Project A', 4, 0, '2024-11-28 06:47:32', '2024-11-28 06:47:32'),
(663, 'Project B', 'Description for Project B', 7, 0, '2024-11-28 06:47:32', '2024-11-28 06:47:32'),
(664, 'Project C', 'Description for Project C', 5, 0, '2024-11-28 06:47:32', '2024-11-28 06:47:32'),
(665, 'Project D', 'Description for Project D', 9, 0, '2024-11-28 06:47:32', '2024-11-28 06:47:32'),
(666, 'Project E', 'Description for Project E', 6, 0, '2024-11-28 06:47:32', '2024-11-28 06:47:32'),
(667, 'Project F', 'Description for Project F', 8, 0, '2024-11-28 06:47:32', '2024-11-28 06:47:32'),
(668, 'Project G', 'Description for Project G', 1, 0, '2024-11-28 06:47:32', '2024-11-28 06:47:32'),
(669, 'Project H', 'Description for Project H', 2, 0, '2024-11-28 06:47:32', '2024-11-28 06:47:32'),
(670, 'Project I', 'Description for Project I', 8, 0, '2024-11-28 06:47:32', '2024-11-28 06:47:32'),
(671, 'Project J', 'Description for Project J', 1, 0, '2024-11-28 06:47:32', '2024-11-28 06:47:32'),
(672, 'Project K', 'Description for Project K', 2, 0, '2024-11-28 06:47:32', '2024-11-28 06:47:32'),
(673, 'Project L', 'Description for Project L', 7, 0, '2024-11-28 06:47:32', '2024-11-28 06:47:32'),
(674, 'Project M', 'Description for Project M', 9, 0, '2024-11-28 06:47:32', '2024-11-28 06:47:32'),
(675, 'Project N', 'Description for Project N', 10, 0, '2024-11-28 06:47:32', '2024-11-28 06:47:32'),
(676, 'Project O', 'Description for Project O', 2, 0, '2024-11-28 06:47:32', '2024-11-28 06:47:32'),
(677, 'Project P', 'Description for Project P', 4, 0, '2024-11-28 06:47:32', '2024-11-28 06:47:32'),
(678, 'Project Q', 'Description for Project Q', 5, 0, '2024-11-28 06:47:32', '2024-11-28 06:47:32'),
(679, 'Project R', 'Description for Project R', 8, 0, '2024-11-28 06:47:32', '2024-11-28 06:47:32'),
(680, 'Project S', 'Description for Project S', 2, 0, '2024-11-28 06:47:32', '2024-11-28 06:47:32'),
(681, 'Project T', 'Description for Project T', 4, 0, '2024-11-28 06:47:32', '2024-11-28 06:47:32'),
(682, 'Project A', 'Description for Project A', 6, 0, '2024-11-28 06:47:33', '2024-11-28 06:47:33'),
(683, 'Project B', 'Description for Project B', 8, 0, '2024-11-28 06:47:33', '2024-11-28 06:47:33'),
(684, 'Project C', 'Description for Project C', 9, 0, '2024-11-28 06:47:33', '2024-11-28 06:47:33'),
(685, 'Project D', 'Description for Project D', 2, 0, '2024-11-28 06:47:33', '2024-11-28 06:47:33'),
(686, 'Project E', 'Description for Project E', 2, 0, '2024-11-28 06:47:33', '2024-11-28 06:47:33'),
(687, 'Project F', 'Description for Project F', 5, 0, '2024-11-28 06:47:33', '2024-11-28 06:47:33'),
(688, 'Project G', 'Description for Project G', 3, 0, '2024-11-28 06:47:33', '2024-11-28 06:47:33'),
(689, 'Project H', 'Description for Project H', 7, 0, '2024-11-28 06:47:33', '2024-11-28 06:47:33'),
(690, 'Project I', 'Description for Project I', 8, 0, '2024-11-28 06:47:33', '2024-11-28 06:47:33'),
(691, 'Project J', 'Description for Project J', 3, 0, '2024-11-28 06:47:33', '2024-11-28 06:47:33'),
(692, 'Project K', 'Description for Project K', 8, 0, '2024-11-28 06:47:33', '2024-11-28 06:47:33'),
(693, 'Project L', 'Description for Project L', 8, 0, '2024-11-28 06:47:33', '2024-11-28 06:47:33'),
(694, 'Project M', 'Description for Project M', 9, 0, '2024-11-28 06:47:33', '2024-11-28 06:47:33'),
(695, 'Project N', 'Description for Project N', 10, 0, '2024-11-28 06:47:33', '2024-11-28 06:47:33'),
(696, 'Project O', 'Description for Project O', 8, 0, '2024-11-28 06:47:33', '2024-11-28 06:47:33'),
(697, 'Project P', 'Description for Project P', 10, 0, '2024-11-28 06:47:33', '2024-11-28 06:47:33'),
(698, 'Project Q', 'Description for Project Q', 9, 0, '2024-11-28 06:47:33', '2024-11-28 06:47:33'),
(699, 'Project R', 'Description for Project R', 2, 0, '2024-11-28 06:47:33', '2024-11-28 06:47:33'),
(700, 'Project S', 'Description for Project S', 3, 0, '2024-11-28 06:47:33', '2024-11-28 06:47:33'),
(701, 'Project T', 'Description for Project T', 2, 0, '2024-11-28 06:47:33', '2024-11-28 06:47:33'),
(702, 'Project A', 'Description for Project A', 1, 0, '2024-11-28 06:47:34', '2024-11-28 06:47:34'),
(703, 'Project B', 'Description for Project B', 5, 0, '2024-11-28 06:47:34', '2024-11-28 06:47:34'),
(704, 'Project C', 'Description for Project C', 9, 0, '2024-11-28 06:47:34', '2024-11-28 06:47:34'),
(705, 'Project D', 'Description for Project D', 1, 0, '2024-11-28 06:47:34', '2024-11-28 06:47:34'),
(706, 'Project E', 'Description for Project E', 8, 0, '2024-11-28 06:47:34', '2024-11-28 06:47:34'),
(707, 'Project F', 'Description for Project F', 10, 0, '2024-11-28 06:47:34', '2024-11-28 06:47:34'),
(708, 'Project G', 'Description for Project G', 10, 0, '2024-11-28 06:47:34', '2024-11-28 06:47:34'),
(709, 'Project H', 'Description for Project H', 5, 0, '2024-11-28 06:47:34', '2024-11-28 06:47:34'),
(710, 'Project I', 'Description for Project I', 4, 0, '2024-11-28 06:47:34', '2024-11-28 06:47:34'),
(711, 'Project J', 'Description for Project J', 6, 0, '2024-11-28 06:47:34', '2024-11-28 06:47:34'),
(712, 'Project K', 'Description for Project K', 10, 0, '2024-11-28 06:47:34', '2024-11-28 06:47:34'),
(713, 'Project L', 'Description for Project L', 7, 0, '2024-11-28 06:47:34', '2024-11-28 06:47:34'),
(714, 'Project M', 'Description for Project M', 7, 0, '2024-11-28 06:47:34', '2024-11-28 06:47:34'),
(715, 'Project N', 'Description for Project N', 5, 0, '2024-11-28 06:47:34', '2024-11-28 06:47:34'),
(716, 'Project O', 'Description for Project O', 1, 0, '2024-11-28 06:47:34', '2024-11-28 06:47:34'),
(717, 'Project P', 'Description for Project P', 5, 0, '2024-11-28 06:47:34', '2024-11-28 06:47:34'),
(718, 'Project Q', 'Description for Project Q', 2, 0, '2024-11-28 06:47:34', '2024-11-28 06:47:34'),
(719, 'Project R', 'Description for Project R', 2, 0, '2024-11-28 06:47:34', '2024-11-28 06:47:34'),
(720, 'Project S', 'Description for Project S', 4, 0, '2024-11-28 06:47:34', '2024-11-28 06:47:34'),
(721, 'Project T', 'Description for Project T', 10, 0, '2024-11-28 06:47:34', '2024-11-28 06:47:34'),
(722, 'Project A', 'Description for Project A', 3, 0, '2024-11-28 06:47:34', '2024-11-28 06:47:34'),
(723, 'Project B', 'Description for Project B', 7, 0, '2024-11-28 06:47:34', '2024-11-28 06:47:34'),
(724, 'Project C', 'Description for Project C', 3, 0, '2024-11-28 06:47:34', '2024-11-28 06:47:34'),
(725, 'Project D', 'Description for Project D', 7, 0, '2024-11-28 06:47:34', '2024-11-28 06:47:34'),
(726, 'Project E', 'Description for Project E', 4, 0, '2024-11-28 06:47:34', '2024-11-28 06:47:34'),
(727, 'Project F', 'Description for Project F', 6, 0, '2024-11-28 06:47:34', '2024-11-28 06:47:34'),
(728, 'Project G', 'Description for Project G', 5, 0, '2024-11-28 06:47:34', '2024-11-28 06:47:34'),
(729, 'Project H', 'Description for Project H', 4, 0, '2024-11-28 06:47:34', '2024-11-28 06:47:34'),
(730, 'Project I', 'Description for Project I', 6, 0, '2024-11-28 06:47:34', '2024-11-28 06:47:34'),
(731, 'Project J', 'Description for Project J', 1, 0, '2024-11-28 06:47:34', '2024-11-28 06:47:34'),
(732, 'Project K', 'Description for Project K', 7, 0, '2024-11-28 06:47:34', '2024-11-28 06:47:34'),
(733, 'Project L', 'Description for Project L', 6, 0, '2024-11-28 06:47:34', '2024-11-28 06:47:34'),
(734, 'Project M', 'Description for Project M', 10, 0, '2024-11-28 06:47:34', '2024-11-28 06:47:34'),
(735, 'Project N', 'Description for Project N', 3, 0, '2024-11-28 06:47:34', '2024-11-28 06:47:34'),
(736, 'Project O', 'Description for Project O', 8, 0, '2024-11-28 06:47:34', '2024-11-28 06:47:34'),
(737, 'Project P', 'Description for Project P', 7, 0, '2024-11-28 06:47:34', '2024-11-28 06:47:34'),
(738, 'Project Q', 'Description for Project Q', 10, 0, '2024-11-28 06:47:34', '2024-11-28 06:47:34'),
(739, 'Project R', 'Description for Project R', 7, 0, '2024-11-28 06:47:34', '2024-11-28 06:47:34'),
(740, 'Project S', 'Description for Project S', 7, 0, '2024-11-28 06:47:34', '2024-11-28 06:47:34'),
(741, 'Project T', 'Description for Project T', 10, 0, '2024-11-28 06:47:34', '2024-11-28 06:47:34'),
(742, 'Project A', 'Description for Project A', 6, 0, '2024-11-28 06:47:35', '2024-11-28 06:47:35'),
(743, 'Project B', 'Description for Project B', 8, 0, '2024-11-28 06:47:35', '2024-11-28 06:47:35'),
(744, 'Project C', 'Description for Project C', 9, 0, '2024-11-28 06:47:35', '2024-11-28 06:47:35'),
(745, 'Project D', 'Description for Project D', 7, 0, '2024-11-28 06:47:35', '2024-11-28 06:47:35'),
(746, 'Project E', 'Description for Project E', 1, 0, '2024-11-28 06:47:35', '2024-11-28 06:47:35'),
(747, 'Project F', 'Description for Project F', 9, 0, '2024-11-28 06:47:35', '2024-11-28 06:47:35'),
(748, 'Project G', 'Description for Project G', 6, 0, '2024-11-28 06:47:35', '2024-11-28 06:47:35'),
(749, 'Project H', 'Description for Project H', 9, 0, '2024-11-28 06:47:35', '2024-11-28 06:47:35'),
(750, 'Project I', 'Description for Project I', 9, 0, '2024-11-28 06:47:35', '2024-11-28 06:47:35'),
(751, 'Project J', 'Description for Project J', 3, 0, '2024-11-28 06:47:35', '2024-11-28 06:47:35'),
(752, 'Project K', 'Description for Project K', 2, 0, '2024-11-28 06:47:35', '2024-11-28 06:47:35'),
(753, 'Project L', 'Description for Project L', 6, 0, '2024-11-28 06:47:35', '2024-11-28 06:47:35'),
(754, 'Project M', 'Description for Project M', 10, 0, '2024-11-28 06:47:35', '2024-11-28 06:47:35'),
(755, 'Project N', 'Description for Project N', 5, 0, '2024-11-28 06:47:35', '2024-11-28 06:47:35'),
(756, 'Project O', 'Description for Project O', 1, 0, '2024-11-28 06:47:35', '2024-11-28 06:47:35'),
(757, 'Project P', 'Description for Project P', 9, 0, '2024-11-28 06:47:35', '2024-11-28 06:47:35'),
(758, 'Project Q', 'Description for Project Q', 4, 0, '2024-11-28 06:47:35', '2024-11-28 06:47:35'),
(759, 'Project R', 'Description for Project R', 8, 0, '2024-11-28 06:47:35', '2024-11-28 06:47:35'),
(760, 'Project S', 'Description for Project S', 8, 0, '2024-11-28 06:47:35', '2024-11-28 06:47:35'),
(761, 'Project T', 'Description for Project T', 5, 0, '2024-11-28 06:47:35', '2024-11-28 06:47:35'),
(762, 'Project A', 'Description for Project A', 7, 0, '2024-11-28 06:47:36', '2024-11-28 06:47:36'),
(763, 'Project B', 'Description for Project B', 5, 0, '2024-11-28 06:47:36', '2024-11-28 06:47:36'),
(764, 'Project C', 'Description for Project C', 4, 0, '2024-11-28 06:47:36', '2024-11-28 06:47:36'),
(765, 'Project D', 'Description for Project D', 7, 0, '2024-11-28 06:47:36', '2024-11-28 06:47:36'),
(766, 'Project E', 'Description for Project E', 8, 0, '2024-11-28 06:47:36', '2024-11-28 06:47:36'),
(767, 'Project F', 'Description for Project F', 1, 0, '2024-11-28 06:47:36', '2024-11-28 06:47:36'),
(768, 'Project G', 'Description for Project G', 3, 0, '2024-11-28 06:47:36', '2024-11-28 06:47:36'),
(769, 'Project H', 'Description for Project H', 3, 0, '2024-11-28 06:47:36', '2024-11-28 06:47:36'),
(770, 'Project I', 'Description for Project I', 5, 0, '2024-11-28 06:47:36', '2024-11-28 06:47:36'),
(771, 'Project J', 'Description for Project J', 4, 0, '2024-11-28 06:47:36', '2024-11-28 06:47:36'),
(772, 'Project K', 'Description for Project K', 4, 0, '2024-11-28 06:47:36', '2024-11-28 06:47:36'),
(773, 'Project L', 'Description for Project L', 8, 0, '2024-11-28 06:47:36', '2024-11-28 06:47:36'),
(774, 'Project M', 'Description for Project M', 4, 0, '2024-11-28 06:47:36', '2024-11-28 06:47:36'),
(775, 'Project N', 'Description for Project N', 10, 0, '2024-11-28 06:47:36', '2024-11-28 06:47:36'),
(776, 'Project O', 'Description for Project O', 8, 0, '2024-11-28 06:47:36', '2024-11-28 06:47:36'),
(777, 'Project P', 'Description for Project P', 2, 0, '2024-11-28 06:47:36', '2024-11-28 06:47:36'),
(778, 'Project Q', 'Description for Project Q', 9, 0, '2024-11-28 06:47:36', '2024-11-28 06:47:36'),
(779, 'Project R', 'Description for Project R', 8, 0, '2024-11-28 06:47:36', '2024-11-28 06:47:36'),
(780, 'Project S', 'Description for Project S', 5, 0, '2024-11-28 06:47:36', '2024-11-28 06:47:36'),
(781, 'Project T', 'Description for Project T', 3, 0, '2024-11-28 06:47:36', '2024-11-28 06:47:36'),
(782, 'Project A', 'Description for Project A', 2, 0, '2024-11-28 06:47:37', '2024-11-28 06:47:37'),
(783, 'Project B', 'Description for Project B', 9, 0, '2024-11-28 06:47:37', '2024-11-28 06:47:37'),
(784, 'Project C', 'Description for Project C', 10, 0, '2024-11-28 06:47:37', '2024-11-28 06:47:37'),
(785, 'Project D', 'Description for Project D', 10, 0, '2024-11-28 06:47:37', '2024-11-28 06:47:37'),
(786, 'Project E', 'Description for Project E', 5, 0, '2024-11-28 06:47:37', '2024-11-28 06:47:37'),
(787, 'Project F', 'Description for Project F', 9, 0, '2024-11-28 06:47:37', '2024-11-28 06:47:37'),
(788, 'Project G', 'Description for Project G', 6, 0, '2024-11-28 06:47:37', '2024-11-28 06:47:37'),
(789, 'Project H', 'Description for Project H', 8, 0, '2024-11-28 06:47:37', '2024-11-28 06:47:37'),
(790, 'Project I', 'Description for Project I', 3, 0, '2024-11-28 06:47:37', '2024-11-28 06:47:37'),
(791, 'Project J', 'Description for Project J', 10, 0, '2024-11-28 06:47:37', '2024-11-28 06:47:37'),
(792, 'Project K', 'Description for Project K', 6, 0, '2024-11-28 06:47:37', '2024-11-28 06:47:37'),
(793, 'Project L', 'Description for Project L', 2, 0, '2024-11-28 06:47:37', '2024-11-28 06:47:37'),
(794, 'Project M', 'Description for Project M', 4, 0, '2024-11-28 06:47:37', '2024-11-28 06:47:37'),
(795, 'Project N', 'Description for Project N', 7, 0, '2024-11-28 06:47:37', '2024-11-28 06:47:37'),
(796, 'Project O', 'Description for Project O', 8, 0, '2024-11-28 06:47:37', '2024-11-28 06:47:37'),
(797, 'Project P', 'Description for Project P', 7, 0, '2024-11-28 06:47:37', '2024-11-28 06:47:37'),
(798, 'Project Q', 'Description for Project Q', 7, 0, '2024-11-28 06:47:37', '2024-11-28 06:47:37'),
(799, 'Project R', 'Description for Project R', 3, 0, '2024-11-28 06:47:37', '2024-11-28 06:47:37'),
(800, 'Project S', 'Description for Project S', 10, 0, '2024-11-28 06:47:37', '2024-11-28 06:47:37'),
(801, 'Project T', 'Description for Project T', 4, 0, '2024-11-28 06:47:37', '2024-11-28 06:47:37');

-- --------------------------------------------------------

--
-- Table structure for table `users`
--

CREATE TABLE `users` (
  `id` bigint(20) UNSIGNED NOT NULL,
  `name` varchar(255) NOT NULL,
  `email` varchar(255) NOT NULL,
  `created_at` timestamp NULL DEFAULT NULL,
  `updated_at` timestamp NULL DEFAULT NULL
) ENGINE=InnoDB DEFAULT CHARSET=utf8mb4 COLLATE=utf8mb4_unicode_ci;

--
-- Dumping data for table `users`
--

INSERT INTO `users` (`id`, `name`, `email`, `created_at`, `updated_at`) VALUES
(1, 'Orin Toy', 'greta.rau@example.net', '2024-11-28 04:05:13', '2024-11-28 04:05:13'),
(2, 'Citlalli Thompson', 'arolfson@example.com', '2024-11-28 04:05:13', '2024-11-28 04:05:13'),
(3, 'Harmony Witting', 'janiya.schowalter@example.com', '2024-11-28 04:05:13', '2024-11-28 04:05:13'),
(4, 'Shea Hirthe', 'rahul78@example.net', '2024-11-28 04:05:13', '2024-11-28 04:05:13'),
(5, 'Prof. Kayley Kovacek DDS', 'rhalvorson@example.com', '2024-11-28 04:05:13', '2024-11-28 04:05:13'),
(6, 'Prof. Taurean Armstrong', 'mwolff@example.com', '2024-11-28 04:05:14', '2024-11-28 04:05:14'),
(7, 'Kallie Ryan Sr.', 'mossie.parisian@example.net', '2024-11-28 04:05:14', '2024-11-28 04:05:14'),
(8, 'Buck Goyette DVM', 'antonia07@example.com', '2024-11-28 04:05:14', '2024-11-28 04:05:14'),
(9, 'Katrine Waelchi', 'terence.jast@example.net', '2024-11-28 04:05:14', '2024-11-28 04:05:14'),
(10, 'Litzy Torphy', 'hilton26@example.org', '2024-11-28 04:05:14', '2024-11-28 04:05:14');

--
-- Indexes for dumped tables
--

--
-- Indexes for table `failed_jobs`
--
ALTER TABLE `failed_jobs`
  ADD PRIMARY KEY (`id`),
  ADD UNIQUE KEY `failed_jobs_uuid_unique` (`uuid`);

--
-- Indexes for table `migrations`
--
ALTER TABLE `migrations`
  ADD PRIMARY KEY (`id`);

--
-- Indexes for table `password_resets`
--
ALTER TABLE `password_resets`
  ADD PRIMARY KEY (`email`);

--
-- Indexes for table `personal_access_tokens`
--
ALTER TABLE `personal_access_tokens`
  ADD PRIMARY KEY (`id`),
  ADD UNIQUE KEY `personal_access_tokens_token_unique` (`token`),
  ADD KEY `personal_access_tokens_tokenable_type_tokenable_id_index` (`tokenable_type`,`tokenable_id`);

--
-- Indexes for table `projects`
--
ALTER TABLE `projects`
  ADD PRIMARY KEY (`id`),
  ADD KEY `projects_user_id_foreign` (`user_id`);

--
-- Indexes for table `users`
--
ALTER TABLE `users`
  ADD PRIMARY KEY (`id`),
  ADD UNIQUE KEY `users_email_unique` (`email`);

--
-- AUTO_INCREMENT for dumped tables
--

--
-- AUTO_INCREMENT for table `failed_jobs`
--
ALTER TABLE `failed_jobs`
  MODIFY `id` bigint(20) UNSIGNED NOT NULL AUTO_INCREMENT;

--
-- AUTO_INCREMENT for table `migrations`
--
ALTER TABLE `migrations`
  MODIFY `id` int(10) UNSIGNED NOT NULL AUTO_INCREMENT, AUTO_INCREMENT=6;

--
-- AUTO_INCREMENT for table `personal_access_tokens`
--
ALTER TABLE `personal_access_tokens`
  MODIFY `id` bigint(20) UNSIGNED NOT NULL AUTO_INCREMENT;

--
-- AUTO_INCREMENT for table `projects`
--
ALTER TABLE `projects`
  MODIFY `id` bigint(20) UNSIGNED NOT NULL AUTO_INCREMENT, AUTO_INCREMENT=802;

--
-- AUTO_INCREMENT for table `users`
--
ALTER TABLE `users`
  MODIFY `id` bigint(20) UNSIGNED NOT NULL AUTO_INCREMENT, AUTO_INCREMENT=11;

--
-- Constraints for dumped tables
--

--
-- Constraints for table `projects`
--
ALTER TABLE `projects`
  ADD CONSTRAINT `projects_user_id_foreign` FOREIGN KEY (`user_id`) REFERENCES `users` (`id`) ON DELETE CASCADE;
COMMIT;

/*!40101 SET CHARACTER_SET_CLIENT=@OLD_CHARACTER_SET_CLIENT */;
/*!40101 SET CHARACTER_SET_RESULTS=@OLD_CHARACTER_SET_RESULTS */;
/*!40101 SET COLLATION_CONNECTION=@OLD_COLLATION_CONNECTION */;
